,State_County,State,County,Real Values,Predicted Values
2535,1175,40,Hand,6.4,6.179999999999999
1284,960,24,Franklin,9.9,8.559999999999999
617,2428,13,Rock Island,7.3,7.339999999999999
2863,2337,45,Pulaski,9.7,7.2799999999999985
2731,3038,42,Willacy,7.0,7.9300000000000015
22,600,3,Columbia,9.7,10.559999999999999
827,517,13,Clark,8.7,7.779999999999999
1107,730,18,De Soto,9.8,10.370000000000001
1917,714,32,Davidson,9.4,10.059999999999999
2979,2159,48,Outagamie,5.5,6.65
2790,996,45,Galax,11.8,10.810000000000002
264,2230,5,Phillips,7.0,6.590000000000001
10,388,3,Carroll,9.8,8.74
2573,1121,42,Gregg,8.0,8.110000000000001
3063,1640,47,Lewis,12.5,12.76
1256,445,20,Charles,5.9,7.45
1312,3028,20,Wicomico,7.5,7.85
2609,65,42,Andrews,5.4,7.790000000000001
2539,1411,42,Jefferson,7.2,7.57
2209,2501,34,Sandusky,9.6,8.83
2014,2199,32,Pender,8.3,8.52
515,1213,6,Hartford,5.2,4.83
583,927,10,Floyd,8.9,9.92
600,1228,13,Henderson,8.9,7.519999999999999
297,448,9,Charlotte,11.8,8.739999999999998
2977,275,47,Brooke,10.8,10.120000000000001
1404,879,21,Essex,5.5,7.1800000000000015
2801,917,46,Ferry,10.5,9.05
400,206,12,Bingham,6.3,6.540000000000001
2856,1113,45,Greene,8.2,7.6
1294,2149,22,Otsego,9.9,10.43
1337,2447,23,Roseau,6.4,7.4399999999999995
2013,504,30,Cibola,7.7,9.33
290,1140,1,Haines,7.4,5.59
1775,1848,33,McIntosh,9.2,7.12
1650,1686,25,Livingston,9.9,10.23
746,1203,15,Harrison,7.3,7.529999999999999
1006,1837,17,McCreary,15.1,17.169999999999998
3102,2275,47,Pocahontas,13.3,11.16
299,200,10,Bibb,8.7,10.06
3071,526,48,Clark,8.0,8.24
2544,124,42,Bandera,8.7,7.409999999999999
2175,842,39,Edgefield,8.8,8.5
317,1625,12,Lemhi,9.2,6.909999999999999
235,1527,1,Kusilvak,13.3,9.709999999999999
30,2506,4,Santa Clara,3.5,4.31
2309,1624,37,Lehigh,6.3,7.720000000000001
2020,274,31,Bronx,6.6,7.760000000000001
1418,13,24,Adams,9.6,11.400000000000002
1198,1605,23,Le Sueur,5.8,7.179999999999998
1856,2946,31,Washington,9.4,7.7299999999999995
2809,2173,42,Palo Pinto,9.1,9.2
1876,1015,32,Gaston,8.6,8.66
2771,2577,45,Shenandoah,9.2,8.389999999999999
2161,2776,37,Tioga,9.3,9.96
2332,1367,34,Jackson,12.3,11.81
763,2750,13,Tazewell,7.5,7.219999999999999
2039,428,31,Cattaraugus,10.1,9.889999999999997
954,2309,17,Powell,12.3,12.7
3030,1777,48,Marinette,8.3,7.7799999999999985
1545,1253,25,Hickory,13.7,10.370000000000001
1605,626,25,Cooper,8.7,8.95
3066,821,48,Dunn,5.8,6.259999999999999
481,149,9,Bay,9.5,10.040000000000001
2671,1906,42,Milam,8.8,7.899999999999999
490,950,10,Franklin,10.3,9.419999999999998
312,100,10,Atkinson,10.7,11.99
34,1703,4,Los Angeles,4.3,5.359999999999999
1664,2945,27,Washington,5.9,7.039999999999999
2965,2826,49,Uinta,7.6,7.43
2696,76,45,Appomattox,9.2,9.080000000000002
2612,862,42,Ellis,5.9,7.890000000000001
2601,246,42,Bowie,8.2,9.280000000000001
629,813,13,DuPage,4.8,4.6899999999999995
542,375,10,Candler,11.7,10.879999999999999
1102,2409,16,Riley,4.5,4.8999999999999995
1830,1130,30,Guadalupe,5.1,6.510000000000001
2908,1621,45,Lee,13.0,12.379999999999999
1264,1958,22,Montcalm,9.9,10.110000000000003
2996,1794,47,Marion,10.6,12.240000000000002
2149,2192,35,Payne,7.0,8.07
1831,2411,30,Rio Arriba,5.9,7.0600000000000005
307,2106,9,Okaloosa,7.7,8.760000000000002
1588,2283,25,Polk,9.9,9.930000000000001
2112,1677,36,Linn,7.4,7.959999999999999
3115,1413,47,Jefferson,8.1,8.22
2747,2617,42,Somervell,8.1,8.3
2236,1315,34,Huron,10.5,11.010000000000002
1038,49,18,Allen,8.7,10.470000000000002
1970,423,32,Caswell,9.8,9.370000000000001
2625,1157,41,Hamilton,8.2,8.04
2094,1199,35,Harper,8.9,8.09
705,2248,14,Pike,10.4,10.419999999999998
2273,1079,35,Grant,8.6,7.989999999999999
1364,2784,23,Todd,7.6,7.62
1990,2406,31,Richmond,6.3,6.7
2561,114,42,Bailey,5.5,5.609999999999999
2550,1245,41,Henry,12.8,12.110000000000001
2657,3013,42,Wheeler,8.9,8.58
3086,1919,47,Mineral,10.5,10.569999999999999
2639,367,42,Cameron,6.5,6.360000000000001
998,1993,17,Morgan,13.4,15.370000000000001
980,253,17,Bracken,11.8,12.089999999999998
1506,1999,27,Morrill,6.6,6.540000000000001
2334,1974,34,Montgomery,9.6,9.260000000000002
693,1526,15,Kossuth,7.6,7.049999999999999
2391,1808,40,Marshall,6.0,5.96
2482,2809,41,Trousdale,8.3,12.309999999999999
2541,2498,40,Sanborn,6.2,8.14
712,1105,15,Greene,7.5,7.390000000000001
532,2413,5,Rio Grande,6.0,6.639999999999999
1952,15,33,Adams,7.4,6.37
2687,2954,42,Washington,7.8,6.7299999999999995
2882,2361,42,Randall,5.5,5.32
2021,464,31,Chemung,9.1,9.8
687,1801,14,Marshall,9.6,9.47
653,1964,13,Montgomery,9.2,9.48
539,347,10,Calhoun,11.2,12.34
2125,2774,35,Tillman,9.7,8.45
566,642,10,Coweta,6.9,7.209999999999999
1427,41,20,Allegany,8.9,9.189999999999998
2467,1187,41,Hardin,13.0,12.14
2054,649,32,Craven,7.9,7.57
423,2164,12,Owyhee,7.7,7.18
2026,2127,31,Orange,6.2,6.640000000000001
2669,2956,44,Washington,7.1,7.32
990,452,16,Chase,8.0,6.980000000000001
702,1532,14,LaGrange,10.6,11.289999999999997
2665,3118,42,Zapata,6.9,8.309999999999999
3038,669,49,Crook,8.1,6.1
765,2988,15,Webster,7.3,8.739999999999998
1960,823,32,Durham,5.5,6.880000000000001
1836,3001,31,Westchester,5.4,5.159999999999999
1520,1308,28,Humboldt,7.4,7.75
1466,1011,20,Garrett,9.5,8.99
1015,2624,17,Spencer,8.9,9.969999999999999
119,53,4,Alpine,8.4,6.0600000000000005
2652,1629,42,Leon,10.6,8.400000000000002
2056,2061,31,Niagara,9.0,9.600000000000001
1512,691,27,Custer,7.0,6.95
1657,2648,25,St. Louis,6.8,7.2
105,851,5,El Paso,4.7,5.279999999999999
225,533,0,Clay,12.2,11.140000000000002
2502,2710,41,Sumner,8.3,9.09
563,2141,9,Osceola,6.5,8.12
639,3072,13,Woodford,6.7,6.699999999999998
1148,2566,16,Shawnee,6.6,7.32
2465,2847,41,Union,13.2,13.900000000000002
3120,3058,48,Winnebago,5.8,6.63
2282,276,40,Brookings,4.1,5.779999999999999
683,2299,14,Porter,7.5,6.75
2930,1977,42,Montgomery,5.9,6.639999999999999
644,4,15,Adair,7.6,8.120000000000001
306,1044,10,Glynn,8.7,8.629999999999999
2549,1131,42,Guadalupe,5.2,5.26
795,2570,14,Shelby,9.3,10.129999999999999
2693,3064,42,Wise,7.4,7.99
2312,1080,36,Grant,9.9,7.949999999999998
546,2339,9,Putnam,13.5,13.289999999999997
1574,895,26,Fallon,6.8,8.360000000000001
1475,2073,21,Norfolk,5.0,5.42
2411,1231,41,Henderson,11.9,13.389999999999997
703,390,13,Carroll,8.6,7.85
362,1415,10,Jenkins,11.7,11.59
570,259,10,Brantley,12.0,11.52
1828,1488,33,Kidder,8.4,7.529999999999999
2485,715,41,Davidson,6.7,8.07
992,1359,16,Jackson,7.6,7.4300000000000015
1174,1885,17,Mercer,11.0,10.750000000000002
2206,1539,37,Lackawanna,7.9,8.42
2843,2697,45,Suffolk,6.8,7.730000000000001
2450,439,42,Chambers,5.9,6.789999999999999
437,1899,9,Miami-Dade,6.0,5.380000000000001
1099,2534,16,Scott,6.9,7.56
40,344,0,Calhoun,9.8,10.53
720,1746,13,Madison,7.4,7.88
850,1332,15,Iowa,6.8,7.969999999999999
1053,1880,17,Menifee,14.4,13.05
93,947,0,Franklin,9.8,10.290000000000001
464,599,10,Colquitt,10.0,10.470000000000002
381,1644,10,Liberty,6.3,9.72
2346,1832,35,McClain,7.7,9.209999999999999
2803,2001,42,Morris,9.6,9.129999999999999
537,2995,5,Weld,4.7,6.99
676,1233,14,Hendricks,6.4,6.319999999999999
2808,2461,45,Russell,12.3,12.21
2844,1491,45,King George,6.1,7.640000000000001
2533,2625,40,Spink,6.5,7.260000000000001
2860,1978,45,Montgomery,6.1,6.720000000000001
2848,3119,42,Zavala,7.6,8.74
2051,716,32,Davie,8.6,8.739999999999998
2853,272,45,Bristol,11.0,11.16
1291,81,22,Arenac,12.1,10.920000000000002
2597,1159,40,Hamlin,5.6,6.08
1715,1971,25,Montgomery,11.7,11.000000000000002
1050,201,18,Bienville,11.8,11.139999999999997
170,639,0,Covington,11.2,11.419999999999998
1825,2462,32,Rutherford,10.6,9.91
2880,3113,42,Young,8.6,8.08
1962,2889,32,Wake,4.9,5.52
544,2471,5,Saguache,7.8,7.2
1,1938,15,Monona,8.3,7.529999999999999
2463,872,42,Erath,6.4,7.57
884,2294,13,Pope,10.4,8.519999999999998
157,2869,4,Ventura,4.7,4.91
2141,1277,36,Hood River,5.6,6.33
1162,792,16,Doniphan,7.9,7.469999999999999
118,2483,4,San Bernardino,4.9,5.709999999999999
534,1745,12,Madison,4.9,5.58
2396,682,41,Cumberland,13.0,10.209999999999999
2129,1195,35,Harmon,8.7,7.3100000000000005
2459,768,40,Deuel,6.3,7.5200000000000005
744,34,13,Alexander,11.1,10.900000000000002
684,3043,13,Williamson,8.2,7.94
1913,874,34,Erie,9.8,9.12
1488,3036,24,Wilkinson,11.6,11.34
1550,2637,25,St. Francois,9.9,11.47
254,1306,4,Humboldt,7.1,5.24
1889,2452,32,Rowan,8.8,8.85
353,1261,9,Hillsborough,6.6,9.22
3108,1436,49,Johnson,7.7,6.640000000000001
2594,63,42,Anderson,7.9,10.07
1246,630,24,Copiah,9.2,10.079999999999998
2918,646,45,Craig,8.7,8.129999999999999
554,2353,10,Rabun,11.0,9.41
978,843,17,Edmonson,13.5,12.99
2272,189,39,Berkeley,6.8,7.470000000000001
1096,920,16,Finney,5.5,7.529999999999999
2224,153,40,Beadle,6.8,7.9799999999999995
1016,585,16,Coffey,7.8,6.7700000000000005
1387,2777,24,Tippah,9.9,9.749999999999998
688,468,15,Cherokee,7.4,7.279999999999999
622,181,15,Benton,6.6,6.7299999999999995
2100,478,39,Chester,10.1,9.68
196,2260,5,Pitkin,4.3,4.92
1018,1282,17,Hopkins,11.3,11.209999999999999
1302,195,22,Berrien,9.2,7.12
2869,443,45,Charles City,10.3,9.9
2256,1477,38,Kent,8.0,7.67
483,576,10,Cobb,5.2,5.699999999999999
1342,2940,19,Washington,12.0,9.16
1218,1456,23,Kandiyohi,6.3,6.95
1491,1014,25,Gasconade,9.9,9.1
2766,2223,45,Petersburg,9.2,10.540000000000001
2249,1483,39,Kershaw,8.4,8.32
1483,2573,25,Shelby,10.9,10.82
500,2732,10,Taliaferro,12.0,10.84
2975,707,48,Dane,4.1,5.25
2470,943,42,Fort Bend,4.3,5.34
1272,1451,22,Kalamazoo,6.8,7.470000000000001
1185,739,24,DeSoto,6.2,6.85
1277,2352,24,Quitman,12.2,11.7
944,1749,17,Madison,8.7,9.129999999999999
1325,2144,22,Oscoda,12.9,10.83
1048,1185,17,Hardin,8.7,10.430000000000001
228,2831,3,Union,9.6,9.6
2890,644,46,Cowlitz,7.9,7.709999999999999
1591,418,27,Cass,6.0,7.109999999999999
1233,638,23,Cottonwood,7.3,7.110000000000001
50,1961,0,Montgomery,7.7,9.469999999999999
386,724,10,Dawson,7.7,7.2799999999999985
571,362,10,Camden,7.2,8.319999999999999
1986,1499,31,Kings,5.9,6.5600000000000005
2245,1438,35,Johnston,11.0,10.77
2519,2682,41,Stewart,10.8,11.019999999999998
1681,1676,25,Linn,10.3,10.120000000000001
1268,2349,20,Queen Anne's,6.8,6.49
2516,1001,42,Galveston,6.1,7.33
1110,2653,18,St. Tammany,7.1,8.000000000000002
1333,2256,23,Pine,7.7,9.780000000000001
777,1877,13,Menard,7.7,6.93
1716,1918,28,Mineral,10.8,9.8
655,2778,14,Tippecanoe,6.3,7.210000000000001
486,125,10,Banks,10.4,10.870000000000001
3020,1843,47,McDowell,18.2,13.34
2952,2849,47,Upshur,12.0,12.3
1078,2465,18,Sabine,10.2,10.72
2728,1705,45,Loudoun,3.9,4.6899999999999995
2201,2078,37,Northampton,6.5,6.980000000000001
2321,2440,35,Roger Mills,10.2,9.430000000000001
2377,1704,41,Loudon,10.3,8.260000000000002
1582,725,26,Dawson,7.0,7.639999999999999
1255,2394,23,Rice,5.3,6.370000000000001
1866,2866,32,Vance,10.3,10.709999999999997
689,301,15,Buena Vista,6.1,7.17
842,1150,13,Hamilton,9.0,8.68
999,2746,17,Taylor,10.9,10.080000000000002
1267,1908,23,Mille Lacs,7.3,9.559999999999999
2053,2604,33,Slope,7.3,8.099999999999998
2943,2567,48,Sheboygan,5.9,5.949999999999999
296,3083,1,Wrangell,8.8,8.809999999999999
23,671,3,Cross,10.6,10.700000000000001
1024,2249,17,Pike,14.3,13.38
466,1781,10,Marion,10.8,9.739999999999998
686,751,14,Delaware,9.3,8.629999999999999
1239,1797,22,Marquette,8.2,7.81
851,529,15,Clarke,7.5,7.289999999999999
2180,2153,34,Ottawa,10.3,9.190000000000001
2264,164,37,Bedford,9.9,10.58
139,757,5,Delta,8.6,7.74
2896,1957,42,Montague,9.7,8.7
3017,1673,49,Lincoln,7.5,6.1899999999999995
253,647,3,Craighead,8.0,9.48
203,1288,0,Houston,9.6,8.440000000000001
528,743,10,Decatur,9.7,9.319999999999999
3083,1096,48,Green Lake,7.7,6.85
3050,1671,47,Lincoln,13.9,13.51
2858,2129,42,Orange,8.3,10.540000000000003
3113,1473,48,Kenosha,5.6,7.25
218,1916,5,Mineral,6.5,5.620000000000001
2871,641,45,Covington,9.9,9.5
1846,35,32,Alexander,9.7,10.240000000000002
1374,2469,19,Sagadahoc,8.5,6.93
1391,1364,24,Jackson,7.4,7.279999999999999
2934,2373,45,Rappahannock,8.5,7.210000000000001
183,2417,4,Riverside,5.2,5.7
2185,2338,35,Pushmataha,12.7,10.4
2907,1144,45,Halifax,10.5,9.91
1425,1453,22,Kalkaska,11.3,11.9
462,2832,9,Union,11.0,11.620000000000001
2230,352,39,Calhoun,9.1,8.02
2498,912,41,Fayette,10.0,8.74
1943,686,30,Curry,5.9,8.43
2484,1482,42,Kerr,7.9,7.58
548,1137,10,Gwinnett,5.3,5.409999999999999
1895,16,34,Adams,13.9,12.16
1554,804,25,Douglas,14.1,12.120000000000001
2772,676,45,Culpeper,7.3,7.969999999999999
2981,1670,46,Lincoln,8.1,5.709999999999999
1060,1654,16,Lincoln,8.3,7.42
906,746,16,Decatur,8.6,7.12
1565,2580,26,Sheridan,7.6,8.299999999999999
1293,1732,22,Macomb,8.5,9.100000000000001
1111,2200,17,Pendleton,11.2,11.09
2663,1210,45,Harrisonburg,5.9,7.06
2578,220,41,Blount,9.9,10.280000000000001
924,1655,17,Lincoln,13.3,12.55
1774,571,34,Clinton,10.7,11.13
2968,2875,48,Vernon,8.0,6.99
3107,2107,46,Okanogan,8.7,8.680000000000001
190,2591,4,Sierra,8.9,5.799999999999999
2572,589,42,Coleman,9.2,8.3
1085,1804,17,Marshall,10.7,9.73
1069,1269,16,Hodgeman,7.2,5.619999999999999
2410,584,41,Coffee,10.4,11.339999999999998
1771,93,34,Ashtabula,12.4,11.469999999999997
411,2494,5,San Miguel,4.5,5.34
502,782,8,District of Columbia,4.3,6.599999999999999
1431,2643,22,St. Joseph,9.8,10.16
1628,2768,27,Thomas,6.3,6.379999999999999
1413,38,22,Alger,10.7,10.639999999999999
3032,19,48,Adams,8.8,8.53
2416,1255,42,Hidalgo,5.9,6.7299999999999995
970,1465,16,Kearny,7.4,8.0
2557,1863,40,McPherson,8.4,7.2
1814,2518,31,Schenectady,7.3,7.74
2598,1142,42,Hale,5.9,6.42
2179,507,36,Clackamas,5.3,6.5
2383,727,42,Dawson,7.6,8.75
249,1070,3,Grant,9.3,10.719999999999999
71,1932,0,Mobile,8.9,9.28
1014,846,16,Edwards,7.9,7.07
15,2146,5,Otero,7.1,6.739999999999999
780,566,15,Clinton,7.8,7.890000000000001
1919,632,31,Cortland,7.9,8.09
180,3114,4,Yuba,6.0,7.24
1043,1321,18,Iberville,9.0,10.16
2458,2539,41,Scott,13.1,13.660000000000002
1837,2118,31,Oneida,8.9,8.190000000000001
3093,1339,48,Iron,8.8,6.95
2415,257,41,Bradley,9.9,10.53
1141,1242,17,Henry,11.6,12.290000000000001
1213,1713,24,Lowndes,8.0,8.290000000000001
2732,2798,42,Travis,4.0,5.37
318,243,12,Boundary,8.6,8.02
1540,785,27,Dixon,6.5,7.159999999999999
1243,2018,22,Muskegon,9.3,10.3
1398,68,20,Anne Arundel,5.6,6.4799999999999995
579,622,10,Cook,10.5,11.350000000000001
721,74,15,Appanoose,8.8,8.95
2629,633,42,Coryell,6.0,9.190000000000001
887,1241,15,Henry,6.8,7.3
848,2414,14,Ripley,9.5,9.649999999999999
3097,1810,47,Marshall,11.3,10.750000000000002
2506,777,41,Dickson,10.3,11.43
1556,1833,26,McCone,8.1,7.5
3047,305,48,Buffalo,7.2,7.220000000000001
2005,2445,30,Roosevelt,6.1,8.33
1064,357,17,Calloway,9.5,8.540000000000001
881,230,13,Boone,6.6,7.12
679,1379,15,Jasper,6.8,7.49
1062,1251,17,Hickman,14.2,12.540000000000001
723,392,15,Carroll,6.8,7.13
862,2474,13,Saline,10.2,9.42
2960,2748,47,Taylor,11.5,12.669999999999998
3011,2357,47,Raleigh,12.0,11.840000000000002
1703,999,26,Gallatin,4.6,5.220000000000001
914,1589,17,Laurel,12.8,12.12
1381,1523,23,Koochiching,8.1,7.6
1581,2396,27,Richardson,8.1,7.409999999999999
1496,2226,25,Phelps,8.8,9.1
649,945,14,Fountain,9.9,9.479999999999999
1860,1062,32,Graham,11.5,10.08
125,876,0,Escambia,11.1,11.930000000000001
277,437,5,Chaffee,6.5,6.3999999999999995
2176,713,37,Dauphin,7.0,8.76
2822,3027,42,Wichita,7.0,7.7700000000000005
2328,255,37,Bradford,9.4,9.61
549,1712,10,Lowndes,7.6,8.510000000000002
2425,1566,42,Lamb,7.9,8.440000000000001
821,735,14,DeKalb,8.9,9.43
1152,1683,17,Livingston,12.8,11.770000000000001
675,3020,13,Whiteside,7.9,6.839999999999999
3109,1579,49,Laramie,6.5,6.359999999999999
419,2850,10,Upson,10.5,11.11
664,1239,13,Henry,7.8,7.469999999999999
2631,85,42,Armstrong,8.2,7.08
497,1139,10,Habersham,8.7,9.23
1066,2134,18,Orleans,7.1,10.010000000000002
1918,2551,31,Seneca,9.1,9.249999999999998
2708,697,43,Daggett,6.6,4.77
3051,1449,48,Juneau,8.1,7.979999999999999
1713,2859,27,Valley,7.1,7.130000000000001
2412,1305,40,Hughes,5.8,6.1499999999999995
2622,674,42,Culberson,9.0,8.08
334,377,12,Canyon,6.3,7.989999999999999
2991,914,47,Fayette,12.8,14.379999999999999
1740,1867,26,Meagher,8.8,7.139999999999999
1095,1361,18,Jackson,10.6,10.459999999999999
193,1389,0,Jefferson,7.7,5.72
576,294,10,Bryan,6.1,7.349999999999999
1940,561,32,Cleveland,10.1,9.83
2015,608,34,Columbiana,11.4,11.400000000000002
9,2211,3,Perry,11.1,11.849999999999998
1084,3046,16,Wilson,9.1,9.049999999999999
2997,3069,47,Wood,11.3,10.620000000000001
1738,2538,25,Scott,10.7,11.09
1075,1097,17,Green,13.9,12.91
602,2532,14,Scott,10.9,12.52
1247,2900,24,Walthall,10.5,10.259999999999998
2048,2371,33,Ransom,7.1,7.8
1573,858,28,Elko,6.5,8.44
70,1529,2,La Paz,11.5,7.109999999999999
635,815,15,Dubuque,6.0,6.13
29,618,5,Conejos,6.3,5.71
784,1682,13,Livingston,8.8,8.450000000000001
1303,624,23,Cook,6.7,6.880000000000001
2452,826,42,Duval,6.6,6.849999999999999
454,2743,9,Taylor,12.4,11.819999999999999
3019,2457,48,Rusk,8.6,7.730000000000001
2577,96,42,Atascosa,6.0,7.030000000000001
2829,1176,45,Hanover,6.6,6.45
952,2938,17,Washington,10.8,10.44
1928,2792,30,Torrance,7.7,7.390000000000001
3112,190,47,Berkeley,9.0,11.129999999999999
2260,3002,37,Westmoreland,8.0,7.94
2909,525,46,Clark,5.8,5.15
1882,1143,32,Halifax,11.7,11.499999999999998
2448,1490,42,Kimble,10.0,7.6899999999999995
260,2235,0,Pickens,10.4,11.44
807,2745,15,Taylor,7.9,7.860000000000001
1662,545,27,Clay,7.1,6.7
531,2257,9,Pinellas,9.4,8.85
197,2458,0,Russell,9.0,10.290000000000001
936,859,17,Elliott,15.3,16.580000000000002
2791,2789,43,Tooele,4.9,5.98
2644,847,42,Edwards,8.9,7.7700000000000005
2935,2587,42,Sherman,6.6,7.6
484,222,12,Boise,7.6,5.95
972,1116,17,Greenup,11.4,9.78
1514,1694,27,Logan,7.3,7.17
473,1165,10,Hancock,11.8,12.000000000000002
588,2987,10,Webster,10.5,9.059999999999999
3036,317,48,Burnett,8.4,7.13
1238,2064,23,Nicollet,5.1,7.0600000000000005
303,738,9,DeSoto,11.5,10.52
1693,1926,26,Missoula,5.5,6.780000000000001
717,1966,15,Montgomery,8.2,8.110000000000001
149,1060,2,Graham,6.6,6.959999999999999
794,1429,15,Johnson,4.4,5.55
3031,1209,47,Harrison,10.5,11.940000000000001
1621,2597,27,Sioux,7.4,5.56
1477,2232,26,Phillips,8.9,10.14
616,2905,15,Wapello,7.3,8.010000000000002
892,2451,17,Rowan,11.0,12.110000000000001
339,2047,6,New London,6.0,5.220000000000001
229,487,3,Chicot,11.9,11.22
1371,1508,23,Kittson,7.0,7.139999999999999
2325,1609,37,Lebanon,7.8,8.23
1348,530,24,Clarke,9.3,10.329999999999998
291,2928,0,Washington,11.7,11.75
1140,2062,17,Nicholas,14.7,15.370000000000001
2246,84,37,Armstrong,9.6,10.64
1762,748,26,Deer Lodge,9.4,8.9
776,1127,15,Grundy,6.3,5.76
935,1581,17,Larue,11.6,12.21
1319,57,24,Amite,11.1,9.81
236,2072,1,Nome,9.0,9.739999999999998
2361,706,42,Dallas,5.5,6.789999999999999
323,2681,10,Stewart,7.7,10.91
729,2366,14,Randolph,10.6,10.29
3002,2167,48,Ozaukee,4.9,5.520000000000001
2496,1188,42,Hardin,8.3,8.900000000000002
1819,1318,32,Hyde,10.8,10.940000000000001
2278,593,39,Colleton,10.3,10.639999999999999
2779,1767,45,Manassas Park,4.6,6.380000000000001
1045,2302,16,Pottawatomie,6.0,6.93
2875,449,45,Charlotte,11.9,11.45
2341,1889,37,Mercer,8.9,8.66
2558,1158,42,Hamilton,9.8,7.3
1894,364,32,Camden,8.3,9.870000000000001
1978,3093,32,Yadkin,10.0,9.52
138,2530,3,Scott,12.3,12.389999999999999
1951,964,32,Franklin,8.1,7.75
573,2712,9,Sumter,11.7,4.679999999999999
447,2520,10,Schley,9.3,8.599999999999998
1743,234,25,Boone,6.3,7.51
3064,607,48,Columbia,6.1,6.7299999999999995
1549,1936,25,Moniteau,8.6,10.000000000000002
246,2278,3,Polk,12.3,11.82
913,883,17,Estill,15.1,15.429999999999998
243,256,3,Bradley,9.9,10.65
1052,1675,16,Linn,9.4,8.410000000000002
728,801,13,Douglas,8.5,8.469999999999999
1158,2113,17,Oldham,6.7,7.389999999999999
1827,292,32,Brunswick,9.3,7.469999999999999
2480,598,42,Colorado,7.7,6.45
2599,747,41,Decatur,13.1,11.459999999999999
837,1928,15,Mitchell,7.4,7.17
568,951,12,Franklin,6.5,6.710000000000001
1465,776,22,Dickinson,9.4,7.57
1314,2204,19,Penobscot,9.4,9.88
1881,50,34,Allen,9.7,10.200000000000001
1644,2499,26,Sanders,11.1,7.65
54,791,5,Dolores,7.4,7.279999999999999
1137,1072,16,Grant,5.9,8.02
2789,2074,45,Norfolk,6.2,8.5
1857,3089,31,Wyoming,8.7,9.059999999999999
2359,1568,42,Lampasas,7.6,7.05
1780,1334,32,Iredell,7.4,7.830000000000001
959,1895,17,Metcalfe,14.4,14.709999999999999
2817,2907,42,Ward,6.1,6.24
2970,91,48,Ashland,8.2,8.940000000000001
150,199,0,Bibb,10.1,10.73
1204,2781,24,Tishomingo,10.9,10.059999999999999
1852,1109,32,Greene,9.4,11.59
333,2671,10,Stephens,9.3,8.66
910,2038,16,Neosho,8.5,8.290000000000001
2451,108,42,Austin,7.2,7.15
504,2833,10,Union,10.8,7.35
1245,2941,20,Washington,8.4,7.909999999999999
321,2908,10,Ware,10.8,11.030000000000001
1766,3014,28,White Pine,8.0,9.329999999999998
1930,2598,33,Sioux,10.9,10.09
1301,2359,23,Ramsey,5.0,6.93
1232,3104,23,Yellow Medicine,7.0,7.830000000000001
99,25,4,Alameda,3.9,4.959999999999999
2741,2296,45,Poquoson,6.7,5.78
1750,1076,27,Grant,7.7,7.63
41,58,1,Anchorage,4.9,6.09
1028,3000,18,West Feliciana,7.2,8.829999999999998
2453,1858,41,McMinn,11.8,12.669999999999998
455,227,12,Bonner,8.4,7.969999999999999
619,1395,13,Jefferson,8.9,9.32
1039,384,17,Carlisle,12.9,10.32
1378,2522,22,Schoolcraft,12.3,9.649999999999999
1101,2335,17,Pulaski,12.7,12.169999999999998
1419,3108,19,York,8.2,7.17
1109,937,16,Ford,5.5,7.3
875,814,14,Dubois,8.4,8.129999999999999
2994,2206,48,Pepin,7.4,7.0200000000000005
1356,2925,23,Waseca,6.3,7.58
354,360,12,Camas,8.8,7.7700000000000005
2588,701,42,Dallam,6.2,8.09
397,594,9,Collier,8.7,6.08
77,1611,3,Lee,11.0,11.6
1412,2202,23,Pennington,6.4,7.209999999999999
1149,239,18,Bossier,7.4,9.68
1459,1264,24,Hinds,7.1,7.15
2990,358,48,Calumet,5.4,5.6
1283,1301,23,Hubbard,7.4,6.7700000000000005
1611,819,25,Dunklin,12.6,13.629999999999999
1684,1517,25,Knox,11.8,10.51
642,1762,15,Mahaska,7.3,7.49
1240,1362,22,Jackson,9.3,10.22
2615,648,42,Crane,5.3,6.3100000000000005
2982,1035,47,Gilmer,9.4,12.180000000000001
1088,3055,18,Winn,9.9,10.41
2255,3041,39,Williamsburg,10.4,10.139999999999999
962,1967,16,Montgomery,8.6,8.55
1139,1320,18,Iberia,9.5,10.309999999999999
1504,1337,25,Iron,12.5,12.35
530,307,10,Bulloch,7.4,8.760000000000002
1327,542,23,Clay,4.9,6.390000000000001
3023,1882,48,Menominee,9.9,13.209999999999999
1619,736,25,DeKalb,8.8,11.7
1749,2374,26,Ravalli,8.2,8.32
2059,1790,36,Marion,6.1,7.219999999999999
1851,559,34,Clermont,9.0,10.59
492,1376,10,Jasper,10.3,9.98
1758,410,26,Cascade,7.3,7.57
1380,959,21,Franklin,7.2,6.530000000000001
350,2055,10,Newton,7.6,8.87
1531,2308,26,Powder River,8.3,7.18
1056,1212,17,Hart,13.5,12.73
3074,3024,46,Whitman,4.8,5.290000000000001
669,764,15,Des Moines,7.9,7.8100000000000005
994,1537,16,Labette,8.8,8.0
1688,1275,27,Holt,6.7,6.5200000000000005
45,2505,4,Santa Barbara,4.8,5.1899999999999995
2874,1878,42,Menard,9.1,5.29
1424,2562,24,Sharkey,11.8,10.309999999999999
2071,2479,39,Saluda,9.5,9.49
2475,1860,41,McNairy,13.1,13.639999999999997
494,1341,10,Irwin,10.4,10.51
1840,2525,31,Schuyler,9.9,9.34
1870,2796,32,Transylvania,9.8,6.88
114,1741,0,Madison,6.7,6.8199999999999985
792,231,14,Boone,6.1,5.720000000000001
901,1656,18,Lincoln,7.2,7.57
489,1452,11,Kalawao,8.2,5.250000000000001
1010,2231,16,Phillips,8.5,8.040000000000001
2189,856,37,Elk,9.0,8.98
2000,749,34,Defiance,9.1,8.11
503,137,10,Barrow,7.4,9.850000000000001
601,565,14,Clinton,9.1,8.9
399,695,10,Dade,9.8,9.46
2653,2176,42,Panola,9.3,8.569999999999999
2900,1007,43,Garfield,7.0,5.51
1394,2273,21,Plymouth,6.3,6.93
1358,2282,23,Polk,6.3,7.93
14,1742,3,Madison,11.3,12.040000000000003
879,2910,13,Warren,7.8,7.63
3029,1890,47,Mercer,12.9,12.76
1763,2267,25,Platte,6.0,6.779999999999999
2259,2714,39,Sumter,8.3,8.629999999999999
1784,99,34,Athens,9.0,10.95
1324,150,22,Bay,9.7,10.080000000000002
327,3021,10,Whitfield,7.9,8.819999999999999
2442,2780,41,Tipton,9.4,10.899999999999999
1115,2628,18,St. Bernard,8.5,10.209999999999999
1929,1852,30,McKinley,10.3,11.41
412,848,10,Effingham,7.0,8.47
2457,771,42,Dickens,8.6,8.440000000000001
1729,161,26,Beaverhead,6.8,6.790000000000001
2974,660,48,Crawford,7.8,7.51
1781,309,32,Buncombe,7.5,7.290000000000001
2634,1561,41,Lake,12.7,13.27
3118,290,48,Brown,5.5,5.92
458,457,10,Chattooga,11.7,11.399999999999999
662,2674,13,Stephenson,9.0,7.07
428,898,10,Fannin,10.6,9.569999999999999
1447,1805,23,Marshall,6.7,6.359999999999999
989,930,17,Floyd,15.6,15.4
1600,684,27,Cuming,6.9,6.95
347,426,10,Catoosa,8.4,8.540000000000001
1479,2358,25,Ralls,10.5,9.970000000000002
142,580,2,Coconino,5.9,7.160000000000001
1607,2699,25,Sullivan,10.0,10.23
1701,805,27,Douglas,5.2,6.530000000000001
1755,2992,25,Webster,10.5,11.07
826,2632,13,St. Clair,7.3,7.339999999999999
2042,1842,32,McDowell,10.0,9.88
1183,1045,22,Gogebic,11.6,10.05
508,23,9,Alachua,6.7,6.040000000000001
1197,869,22,Emmet,8.7,7.719999999999999
1200,2963,23,Watonwan,6.5,7.640000000000001
2528,1560,40,Lake,6.3,5.720000000000001
1365,133,21,Barnstable,7.1,4.8
176,2805,4,Trinity,9.7,8.059999999999999
122,1391,5,Jefferson,4.5,5.0200000000000005
2219,214,37,Blair,8.9,10.59
3104,2168,46,Pacific,9.3,7.9
2692,2472,45,Salem,7.6,7.2700000000000005
919,1056,16,Gove,8.5,7.38
567,1990,10,Morgan,8.2,7.919999999999999
559,1145,10,Hall,7.1,7.619999999999999
207,1933,4,Modoc,9.3,7.369999999999999
227,2327,1,Prince of Wales-Hyder,9.4,11.32
3034,620,49,Converse,7.4,7.920000000000002
1885,2512,31,Saratoga,6.7,5.6
752,1965,14,Montgomery,9.4,10.27
963,2800,16,Trego,7.9,7.38
270,1941,3,Monroe,12.6,12.490000000000002
2287,156,39,Beaufort,7.0,6.410000000000001
1175,3084,15,Wright,7.4,6.589999999999999
711,3056,13,Winnebago,7.7,7.06
136,2711,0,Sumter,9.8,9.14
65,1265,5,Hinsdale,6.5,5.230000000000001
2117,3097,36,Yamhill,6.2,7.619999999999999
896,1017,16,Geary,4.6,7.62
2849,2675,42,Sterling,6.4,8.830000000000002
415,1942,9,Monroe,7.6,7.340000000000001
1923,685,32,Currituck,7.8,8.23
2846,2983,45,Waynesboro,8.8,9.35
1377,2595,24,Simpson,9.3,9.21
477,602,10,Columbia,5.8,8.76
2231,1571,39,Lancaster,8.0,7.95
3025,1956,48,Monroe,6.8,7.07
1421,2446,22,Roscommon,12.8,9.36
2581,2392,41,Rhea,11.8,11.95
272,2314,3,Prairie,11.2,9.83
1367,3078,20,Worcester,8.1,6.04
370,2246,10,Pike,8.0,9.59
1428,1020,22,Genesee,9.9,10.51
3073,1412,46,Jefferson,7.7,5.840000000000001
2655,2381,42,Red River,11.1,10.51
911,924,17,Fleming,12.9,12.919999999999998
713,1853,13,McLean,5.7,5.880000000000001
673,1535,13,LaSalle,8.0,7.99
937,519,16,Clark,7.0,6.200000000000001
656,868,15,Emmet,7.1,7.390000000000001
1223,1160,21,Hampden,6.6,6.8
1658,1069,26,Granite,8.3,6.9799999999999995
110,1325,3,Independence,10.0,10.53
2568,1976,41,Montgomery,6.7,8.629999999999999
832,2272,15,Plymouth,6.4,6.720000000000001
3040,1798,48,Marquette,8.1,6.57
2758,2385,42,Refugio,7.4,7.83
1328,3060,23,Winona,5.6,6.23
1360,1969,20,Montgomery,4.3,4.140000000000001
907,2755,18,Tensas,14.5,11.09
1709,145,25,Bates,10.4,11.45
2662,1649,42,Limestone,9.2,9.2
1003,2871,18,Vermilion,9.4,10.580000000000002
2267,163,35,Beckham,8.4,9.33
714,2312,15,Poweshiek,6.6,6.630000000000001
1981,241,33,Bottineau,7.1,6.860000000000001
120,1293,3,Howard,10.1,10.2
1339,1486,22,Keweenaw,10.4,6.910000000000001
1603,1925,25,Mississippi,12.6,12.700000000000001
899,612,16,Comanche,7.8,7.380000000000001
1584,2290,26,Pondera,8.2,8.65
1455,2679,23,Stevens,5.1,7.229999999999999
2319,925,39,Florence,8.5,8.1
2280,1721,37,Luzerne,7.9,9.21
880,180,14,Benton,10.2,10.36
1478,1661,26,Lincoln,10.2,7.55
2570,827,41,Dyer,11.1,11.21
853,1534,14,LaPorte,9.9,11.27
1263,2668,23,Stearns,5.6,6.62
216,2293,3,Pope,8.9,9.69
2029,2825,32,Tyrrell,10.4,10.73
2915,2985,42,Webb,5.6,6.959999999999999
393,3,12,Ada,5.0,5.089999999999999
27,1778,0,Marion,11.6,11.469999999999999
1761,2944,25,Washington,12.0,12.719999999999999
868,1340,13,Iroquois,9.1,7.94
479,2649,9,St. Lucie,9.3,7.81
2883,3052,44,Windham,8.0,7.18
2501,837,42,Ector,5.0,7.7700000000000005
1225,223,24,Bolivar,9.8,10.370000000000001
1697,2516,27,Saunders,6.3,8.2
1276,2651,20,St. Mary's,6.2,8.46
1282,491,23,Chippewa,7.0,7.3100000000000005
2757,1714,42,Lubbock,5.6,5.9
1655,1487,27,Keya Paha,8.6,7.43
620,2304,15,Pottawattamie,6.9,8.81
1304,1296,20,Howard,4.1,3.6300000000000003
1768,1840,25,McDonald,11.5,11.87
2204,1408,36,Jefferson,7.5,7.469999999999999
2097,291,40,Brule,6.7,6.950000000000001
983,2654,16,Stafford,8.1,7.600000000000001
2064,2110,35,Oklahoma,7.0,8.2
915,540,16,Clay,7.6,7.500000000000002
996,1897,16,Miami,6.1,7.57
2585,995,42,Gaines,6.6,8.73
564,277,10,Brooks,10.5,9.92
1094,2629,18,St. Charles,6.7,7.850000000000001
934,2837,17,Union,10.9,10.979999999999999
1534,961,25,Franklin,9.1,8.599999999999998
189,2255,2,Pinal,7.0,7.109999999999999
2854,372,45,Campbell,9.1,9.18
2367,371,41,Campbell,13.8,14.12
1704,3062,24,Winston,9.9,9.23
2736,1985,42,Moore,5.9,7.4
2742,2894,42,Walker,6.7,7.9399999999999995
1231,2731,20,Talbot,7.6,4.48
2562,931,42,Floyd,6.9,7.4
1524,2088,27,Nuckolls,8.3,7.859999999999999
724,986,13,Fulton,8.9,8.52
2165,2015,35,Murray,10.1,9.32
2646,461,41,Cheatham,9.3,9.72
1186,394,20,Carroll,6.2,5.56
747,412,13,Cass,8.3,9.079999999999998
1437,2087,24,Noxubee,10.4,10.35
2473,1208,42,Harrison,8.4,8.96
598,1184,15,Hardin,7.2,7.470000000000001
315,154,12,Bear Lake,7.8,7.739999999999999
1236,2069,23,Nobles,6.3,6.75
38,1042,4,Glenn,6.7,5.29
426,1225,10,Heard,10.2,10.270000000000001
1375,2590,23,Sibley,6.3,7.0
2813,932,45,Floyd,9.7,8.620000000000001
1594,885,28,Eureka,8.0,9.7
2461,1278,42,Hood,8.1,6.839999999999999
2360,67,42,Angelina,8.5,8.89
1956,811,30,DoÃ±a Ana,5.5,6.1
2018,1737,32,Macon,10.1,8.11
300,330,10,Butts,9.7,11.249999999999998
444,1248,9,Hernando,10.7,7.899999999999999
1123,1118,16,Greenwood,9.0,7.250000000000002
1725,2561,25,Shannon,13.9,11.85
597,1615,15,Lee,7.8,8.1
841,500,13,Christian,8.8,9.229999999999999
2564,1500,40,Kingsbury,6.5,7.12
1128,855,16,Elk,10.7,8.47
1753,2207,27,Perkins,6.4,6.459999999999999
668,2857,12,Valley,6.9,5.89
2723,2355,45,Radford,6.7,8.120000000000001
1633,1055,27,Gosper,6.2,5.66
547,2412,5,Rio Blanco,6.3,7.3100000000000005
1613,1489,27,Kimball,8.0,7.220000000000001
2973,1576,48,Langlade,8.4,8.219999999999999
2316,477,37,Chester,5.3,6.06
667,997,13,Gallatin,11.3,10.030000000000001
2500,1565,42,Lamar,9.4,10.850000000000001
1188,2886,23,Wadena,8.0,8.98
769,2397,13,Richland,9.3,8.7
1736,1950,25,Monroe,11.1,10.400000000000002
1350,2383,23,Redwood,7.0,6.88
2510,510,41,Claiborne,12.5,13.599999999999998
1495,719,25,Daviess,11.4,11.7
192,1237,0,Henry,10.5,8.28
1944,90,34,Ashland,10.2,11.020000000000001
1949,2856,30,Valencia,5.7,7.55
1288,350,22,Calhoun,9.1,9.900000000000002
519,1200,10,Harris,7.1,7.37
701,104,15,Audubon,8.1,7.500000000000002
2838,1031,45,Giles,9.5,8.879999999999999
2184,361,37,Cambria,9.1,8.73
230,2733,0,Talladega,10.7,11.749999999999998
767,1596,14,Lawrence,10.2,9.629999999999999
352,2548,9,Seminole,6.4,5.6899999999999995
1486,286,27,Brown,8.4,6.760000000000001
2203,1273,34,Holmes,11.6,12.3
1458,2797,23,Traverse,7.0,6.840000000000001
1754,2251,25,Pike,10.1,11.2
2062,1696,34,Logan,10.2,9.35
839,1356,13,Jackson,7.5,7.5699999999999985
565,1029,9,Gilchrist,12.4,11.86
2738,2071,42,Nolan,7.7,8.87
1253,698,23,Dakota,4.3,6.31
2926,3003,45,Westmoreland,9.6,8.24
2713,2453,42,Runnels,8.0,8.650000000000002
2190,1600,34,Lawrence,12.1,11.66
922,2266,18,Plaquemines,7.8,10.6
406,905,10,Fayette,5.9,5.02
2437,1226,42,Hemphill,6.4,7.43
58,560,3,Cleveland,11.1,10.670000000000002
1265,758,22,Delta,10.4,9.010000000000002
732,39,15,Allamakee,7.9,7.470000000000001
928,679,19,Cumberland,6.8,6.95
2773,2486,42,San Jacinto,10.3,9.26
239,2892,0,Walker,11.7,12.05
1765,2220,28,Pershing,7.3,9.559999999999999
2998,2878,48,Vilas,8.0,6.67
1733,2376,25,Ray,9.5,9.580000000000002
869,936,13,Ford,8.6,9.27
403,266,9,Brevard,9.2,7.970000000000001
2078,2004,36,Morrow,7.3,7.039999999999999
2352,1444,42,Jones,7.3,8.890000000000002
1241,2175,24,Panola,9.5,9.49
945,718,17,Daviess,9.8,10.250000000000002
671,1313,14,Huntington,9.0,9.040000000000001
2933,106,45,Augusta,8.7,9.219999999999999
2668,2728,42,Swisher,8.2,8.169999999999998
453,1180,9,Hardee,10.4,10.690000000000001
135,1280,1,Hoonah-Angoon,9.0,9.739999999999998
2156,1619,39,Lee,10.0,10.0
1862,2793,33,Towner,8.3,6.9
925,1819,17,Mason,11.1,11.110000000000001
2984,1823,47,Mason,12.3,11.99
488,1149,9,Hamilton,12.4,11.56
2483,422,42,Castro,6.2,6.4300000000000015
2075,2527,34,Scioto,12.7,12.75
439,784,9,Dixie,14.2,12.359999999999998
749,1896,14,Miami,10.2,10.34
245,828,5,Eagle,4.2,5.119999999999999
610,1294,14,Howard,9.5,9.61
2271,1033,36,Gilliam,9.0,7.739999999999999
2699,1572,45,Lancaster,10.1,7.01
2329,101,35,Atoka,11.7,10.78
883,1747,14,Madison,10.3,11.17
1898,1132,34,Guernsey,12.2,11.539999999999997
2032,1606,30,Lea,5.3,8.35
1548,1599,25,Lawrence,10.6,10.39
3004,3008,46,Whatcom,5.9,6.22
2292,1701,34,Lorain,9.2,9.440000000000001
2886,809,46,Douglas,6.5,5.96
331,1743,9,Madison,12.0,12.690000000000001
3110,2242,46,Pierce,5.7,8.15
3114,1772,48,Marathon,6.2,6.7
1999,2716,32,Surry,10.2,9.990000000000002
427,2434,10,Rockdale,7.1,7.65
1902,2368,32,Randolph,9.5,8.72
1853,1664,30,Lincoln,6.8,6.3
2961,236,47,Boone,13.7,13.6
1004,86,19,Aroostook,11.9,8.11
3096,1090,46,Grays Harbor,8.2,7.6
1119,244,16,Bourbon,9.0,7.519999999999999
518,1019,12,Gem,8.1,7.699999999999998
779,1166,13,Hancock,9.0,7.67
1237,1806,24,Marshall,9.0,9.489999999999998
2889,475,45,Chesapeake,6.3,8.489999999999998
2080,1327,37,Indiana,8.7,8.9
1130,2375,16,Rawlins,8.4,7.2299999999999995
582,2330,5,Pueblo,5.8,8.209999999999999
813,845,13,Edwards,8.8,8.85
460,1474,7,Kent,8.6,7.55
1281,52,22,Alpena,10.7,10.330000000000002
818,2996,14,Wells,9.0,9.4
897,2033,17,Nelson,9.2,9.640000000000002
304,1393,10,Jefferson,11.2,10.98
133,2620,1,Southeast Fairbanks,7.2,8.389999999999999
2912,896,45,Falls Church,3.7,4.38
1522,1892,27,Merrick,7.0,7.519999999999999
527,877,9,Escambia,8.5,10.010000000000002
1726,1433,27,Johnson,6.5,7.01
2232,2868,37,Venango,9.7,9.32
145,1353,5,Jackson,7.2,6.739999999999999
108,1583,4,Lassen,6.5,7.070000000000002
1696,442,25,Chariton,10.8,9.809999999999999
984,2433,17,Rockcastle,13.8,13.469999999999999
205,2507,2,Santa Cruz,6.3,5.709999999999999
42,1826,1,Matanuska-Susitna,6.4,8.879999999999999
2972,2635,48,St. Croix,4.9,5.930000000000001
1627,983,27,Frontier,6.7,6.540000000000001
1363,490,22,Chippewa,9.9,10.829999999999998
2751,2114,42,Oldham,7.1,7.469999999999999
2864,1816,42,Martin,5.8,6.700000000000001
1226,40,22,Allegan,8.4,8.11
1000,2896,16,Wallace,7.0,5.859999999999999
3039,2601,46,Skagit,6.5,7.050000000000002
1873,892,34,Fairfield,8.6,8.15
4,1484,1,Ketchikan Gateway,6.6,7.94
1539,806,28,Douglas,7.9,7.140000000000001
