X,Y,FID,year_,MSHA_ID,name,type_,mstafips,state,county,mctyfips,lat,lon,unit,tot_prod,notes
-87.278611,33.706666,1,2020,100347,Choctaw Mine,Surface,1,Alabama,Walker,127,33.706666,-87.278611,short tons,"217,646",
-87.2030559999999,33.6963890000001,2,2020,100627,Flat Top Mine,Surface,1,Alabama,Jefferson,73,33.696389,-87.203056,short tons,"239,590",
-87.1388889999999,33.4422220000001,3,2020,100851,Oak Grove Mine,Underground,1,Alabama,Jefferson,73,33.442222,-87.138889,short tons,"1,608,068",
-87.3313889999999,33.328611,4,2020,101247,No 4 Mine,Underground,1,Alabama,Tuscaloosa,125,33.328611,-87.331389,short tons,"2,156,095",
-87.213611,33.3741670000001,5,2020,101401,No 7 Mine,Underground,1,Alabama,Jefferson,73,33.374167,-87.213611,short tons,"5,708,153",
-87.303889,33.5194440000001,6,2020,102901,Shoal Creek Mine,Underground,1,Alabama,Walker,127,33.519444,-87.303889,short tons,"714,831",
-87.3397219999999,33.329167,7,2020,103172,"Searles Mine No. 2, 3, 4, 5, 6",Surface,1,Alabama,Tuscaloosa,125,33.329167,-87.339722,short tons,"67,467",
-86.910833,33.7241670000001,8,2020,103285,Narley Mine,Surface,1,Alabama,Jefferson,73,33.724167,-86.910833,short tons,"13,813",
-86.8422219999999,33.1816670000001,9,2020,103381,Hwm 58,Surface,54,West Virginia,Nicholas,67,33.181667,-86.842222,short tons,"113,799",
-87.530833,33.8730560000001,10,2020,103389,Carbon Hill Mine,Underground,1,Alabama,Walker,127,33.873056,-87.530833,short tons,"103,699",
-87.1405559999999,33.602222,11,2020,103419,Maxine-Pratt Mine,Underground,1,Alabama,Jefferson,73,33.602222,-87.140556,short tons,"159,870",
-87.372777,33.7961110000001,12,2020,103421,Slate Creek Mine,Surface,1,Alabama,Walker,127,33.796111,-87.372777,short tons,"97,413",
-87.3091669999999,33.3108330000001,13,2020,103436,Swann's Crossing,Surface,1,Alabama,Tuscaloosa,125,33.310833,-87.309167,short tons,"78,157",
-86.8619439999999,33.7383330000001,14,2020,103437,Black Warrior Mine No 1,Surface,1,Alabama,Jefferson,73,33.738333,-86.861944,short tons,"222,842",
-86.9999999999999,33.0000000000001,15,2020,103455,Weller Mine,Surface,1,Alabama,Jefferson,73,33,-87,short tons,"37,565",
-87.361389,33.257778,16,2020,103487,Carter Mine,Surface,1,Alabama,Tuscaloosa,125,33.257778,-87.361389,short tons,"8,898",
-85.7225,34.5780560000001,17,2020,103489,John Poe Mine,Surface,1,Alabama,De Kalb,49,34.578056,-85.7225,short tons,"17,865",
-87.352222,33.803056,18,2020,103496,Dutton Hill Mine No. 2,Surface,1,Alabama,Walker,127,33.803056,-87.352222,short tons,525,
-86.926667,33.209167,19,2020,103500,Murry Creek Surface Mine,Surface,1,Alabama,Shelby,117,33.209167,-86.926667,short tons,"3,114",
-87.335,33.785,20,2020,103522,Mccollum Mine,Surface,1,Alabama,Walker,127,33.785,-87.335,short tons,"13,476",
-87.071944,33.385,21,2020,103523,Shannon Mine No. 3,Surface,1,Alabama,Jefferson,73,33.385,-87.071944,short tons,"148,410",
-86.904167,33.7583330000001,22,2020,103529,Sloan Mtn. No. 3,Surface,1,Alabama,Jefferson,73,33.758333,-86.904167,short tons,"152,478",
-87.386389,33.820278,23,2020,103532,Stave Hollow Mine,Surface,1,Alabama,Walker,127,33.820278,-87.386389,short tons,"19,411",
-87.278611,33.706667,24,2020,103533,Shm-82,Surface,1,Alabama,Walker,127,33.706667,-87.278611,short tons,"274,905",
-87.4580559999999,33.2725,25,2020,103535,Deerlick West Mine,Surface,1,Alabama,Tuscaloosa,125,33.2725,-87.458056,short tons,"45,920",
-107.631111,40.4522220000001,26,2020,502838,Trapper Mine,Surface,8,Colorado,Moffat,81,40.452222,-107.631111,short tons,"2,018,648",
-107.783333,40.3000000000001,27,2020,502962,Colowyo Mine,Surface,8,Colorado,Moffat,81,40.3,-107.783333,short tons,"1,741,368",
-108.726111,40.1691670000001,28,2020,503505,Deserado Mine,Underground,8,Colorado,Rio Blanco,103,40.169167,-108.726111,short tons,"1,885,034",
-107.458056,38.9330560000001,29,2020,503672,West Elk Mine,Underground,8,Colorado,Gunnison,51,38.933056,-107.458056,short tons,"2,538,091",
-107.071944,40.3527770000001,30,2020,503836,Foidel Creek Mine,Underground,8,Colorado,Routt,107,40.352777,-107.071944,short tons,"1,192,936",
-108.098055,37.251111,31,2020,504864,King Ii,Underground,8,Colorado,La Plata,67,37.251111,-108.098055,short tons,"592,669",
-89.8627779999999,39.205833,32,2020,1100726,Shay #1 Mine,Underground,17,Illinois,Macoupin,117,39.205833,-89.862778,short tons,"235,411",
-89.449722,40.003611,33,2020,1102664,Viper Mine,Underground,17,Illinois,Sangamon,167,40.003611,-89.449722,short tons,"766,327",
-87.843242,38.4175320000001,34,2020,1103064,Friendsville Mine,Surface,17,Illinois,Wabash,185,38.417532,-87.843242,short tons,"690,988",
-89.3370879999999,37.9851780000001,35,2020,1103131,Bcr Mine #1,Surface,17,Illinois,Perry,145,37.985178,-89.337088,short tons,"191,453",Refuse coal is included
-88.831111,37.8388890000001,36,2020,1103141,Mach #1 Mine,Underground,17,Illinois,Williamson,199,37.838889,-88.831111,short tons,"3,841,668",
-89.5855559999999,38.0713890000001,37,2020,1103147,Prairie Eagle-Underground,Underground,17,Illinois,Perry,145,38.071389,-89.585556,short tons,"3,778,206",
-89.4663889999999,39.145,38,2020,1103182,Deer Run Mine,Underground,17,Illinois,Montgomery,135,39.145,-89.466389,short tons,"2,886,225",
-88.762222,38.0269440000001,39,2020,1103189,Mc#1 Mine,Underground,17,Illinois,Franklin,55,38.026944,-88.762222,short tons,"7,196,444",
-89.6547219999999,38.283056,40,2020,1103193,Lively Grove Mine,Underground,17,Illinois,Washington,189,38.283056,-89.654722,short tons,"6,433,987",
-88.601667,38.1711110000001,41,2020,1103203,Mine No. 1,Underground,17,Illinois,Hamilton,65,38.171111,-88.601667,short tons,"2,623,205",
-88.531101,37.7209990000001,42,2020,1103212,Eagle River Coal Llc Mine No 1,Surface,17,Illinois,Saline,165,37.720999,-88.531101,short tons,"686,060",
-89.720629,38.07415,43,2020,1103226,Hawkeye Mine,Surface,17,Illinois,Randolph,157,38.07415,-89.720629,short tons,"75,844",
-89.620278,38.1888890000001,44,2020,1103235,Gateway North Mine,Underground,17,Illinois,Randolph,157,38.188889,-89.620278,short tons,"1,819,444",
-89.4547219999999,38.0186110000001,45,2020,1103274,Golden Eagle Mine,Surface,17,Illinois,Perry,145,38.018611,-89.454722,short tons,"388,243",
-87.311865,38.396332,46,2020,1201616,Solar Sources #2,Surface,18,Indiana,Pike,125,38.396332,-87.311865,short tons,"118,395",
-86.9999999999999,38.648333,47,2020,1201732,Craney Mine,Surface,18,Indiana,Daviess,27,38.648333,-87,short tons,"1,029,354",
-87.366902,38.2642450000001,48,2020,1202258,Somerville Central Mine,Surface,18,Indiana,Gibson,51,38.264245,-87.366902,short tons,"444,573",
-87.433889,38.3375,49,2020,1202295,Francisco Underground Pit,Underground,18,Indiana,Gibson,51,38.3375,-87.433889,short tons,"1,572,109",
-87.392778,38.943611,50,2020,1202349,Carlisle Mine,Underground,18,Indiana,Sullivan,153,38.943611,-87.392778,short tons,"139,672",
-87.0875,38.7052770000001,51,2020,1202372,Antioch Mine,Surface,18,Indiana,Daviess,27,38.705277,-87.0875,short tons,"1,071,875",
-87.039618,38.4657290000001,52,2020,1202374,Shamrock Mine,Surface,18,Indiana,Dubois,37,38.465729,-87.039618,short tons,"109,392",
-87.55882,38.3416360000001,53,2020,1202388,Gibson South,Underground,18,Indiana,Gibson,51,38.341636,-87.55882,short tons,"2,190,711",
-87.425,38.8561110000001,54,2020,1202394,Oaktown Fuels Mine No. 1,Underground,18,Indiana,Knox,83,38.856111,-87.425,short tons,"3,432,952",
-87.425,38.8586110000001,55,2020,1202418,Oaktown Fuels Mine No. 2,Underground,18,Indiana,Knox,83,38.858611,-87.425,short tons,"1,810,055",
-87.265495,38.51667,56,2020,1202422,Bear Run Mine,Surface,18,Indiana,Sullivan,153,38.51667,-87.265495,short tons,"5,182,613",
-87.068611,38.2694440000001,57,2020,1202425,Hilsmeyer Mine,Surface,18,Indiana,Dubois,37,38.269444,-87.068611,short tons,"2,018",
-87.2797219999999,38.1783330000001,58,2020,1202441,Wild Boar Mine,Surface,18,Indiana,Warrick,173,38.178333,-87.279722,short tons,"2,100,512",
-87.2647219999999,38.1830560000001,59,2020,1202445,Addcar System 40 Hwm Ser # Lv2,Surface,18,Illinois,Gibson,51,38.183056,-87.264722,short tons,"261,747",
-87.096944,39.275,60,2020,1202460,Ace In The Hole,Surface,18,Indiana,Clay,21,39.275,-87.096944,short tons,"253,029",
-86.9625,38.1625000000001,61,2020,1202497,Flint Hill Mine,Surface,18,Indiana,Spencer,147,38.1625,-86.9625,short tons,"10,100",
-83.0108329999999,36.8747220000001,62,2020,1502263,D-29 Darby Fork,Underground,21,Kentucky,Harlan,95,36.874722,-83.010833,short tons,"178,311",
-83.119113,37.0267700000001,63,2020,1509636,No. 77,Underground,21,Kentucky,Perry,193,37.02677,-83.119113,short tons,"278,179",
-83.2394439999999,37.1191670000001,64,2020,1512753,Calvary No 81,Underground,21,Kentucky,Leslie,131,37.119167,-83.239444,short tons,"305,906",
-82.3372219999999,37.448333,65,2020,1515215,# 5,Underground,21,Kentucky,Pike,195,37.448333,-82.337222,short tons,"78,199",
-87.5352779999999,37.4052780000001,66,2020,1517216,Cardinal,Underground,21,Kentucky,Hopkins,107,37.405278,-87.535278,short tons,"3,564,441",
-84.0546409999999,36.787039,67,2020,1517871,Oam#40,Surface,21,Kentucky,Knox,121,36.787039,-84.054641,short tons,"23,420",
-82.224167,37.534722,68,2020,1518001,Blackberry #1,Underground,21,Kentucky,Pike,195,37.534722,-82.224167,short tons,"37,760",
-82.434444,37.5888890000001,69,2020,1518015,Bent Mountain Surface Mine #2,Surface,21,Kentucky,Pike,195,37.588889,-82.434444,short tons,"16,537",
-82.429444,37.4283330000001,70,2020,1518040,Bevins Branch Surface,Surface,21,Kentucky,Pike,195,37.428333,-82.429444,short tons,"8,998",
-82.2227779999999,37.534167,71,2020,1518050,No. 2,Underground,21,Kentucky,Pike,195,37.534167,-82.222778,short tons,"23,186",
-82.992778,36.940278,72,2020,1518198,D-11 Panther,Underground,21,Kentucky,Harlan,95,36.940278,-82.992778,short tons,"55,293",
-82.9958329999999,36.966389,73,2020,1518361,D-21,Underground,21,Kentucky,Harlan,95,36.966389,-82.995833,short tons,"41,333",
-86.905556,37.7383330000001,74,2020,1518418,Joe's Run,Surface,21,Kentucky,Daviess,59,37.738333,-86.905556,short tons,"297,914",
-83.210278,36.822778,75,2020,1518423,Right Fork Splint,Surface,21,Kentucky,Harlan,95,36.822778,-83.210278,short tons,"66,503",
-83.951667,36.7558330000001,76,2020,1518426,Mine #5,Underground,21,Kentucky,Knox,121,36.755833,-83.951667,short tons,"43,759",
-83.058884,37.6740130000001,77,2020,1518442,Salem Auger No. 54,Surface,21,Kentucky,Pike,195,37.674013,-83.058884,short tons,"1,412",
-83.153611,37.221667,78,2020,1518565,Bear Branch 2,Underground,21,Kentucky,Perry,193,37.221667,-83.153611,short tons,"100,636",
-82.637303,37.4967940000001,79,2020,1518574,No 2,Surface,21,Kentucky,Floyd,71,37.496794,-82.637303,short tons,"4,036",
-84.1308329999999,36.8913890000001,80,2020,1518644,Salem Auger No. 28,Surface,21,Kentucky,Pike,195,36.891389,-84.130833,short tons,"2,024",
-82.8331469999999,37.7199400000001,81,2020,1518730,Metech 102,Surface,21,Kentucky,Pike,195,37.71994,-82.833147,short tons,"22,794",
-82.174167,37.3936110000001,82,2020,1518737,Auger No. 29,Surface,21,Kentucky,Pike,195,37.393611,-82.174167,short tons,"15,235",
-82.434444,37.5888890000001,83,2020,1518765,Shm-1 Right Fork,Surface,21,Kentucky,Bell,13,37.588889,-82.434444,short tons,"20,278",
-82.882777,37.4061110000001,84,2020,1518793,#1,Underground,21,Kentucky,Knott,119,37.406111,-82.882777,short tons,"60,829",
-83.359167,37.306944,85,2020,1518837,A24,Surface,21,Kentucky,Perry,193,37.306944,-83.359167,short tons,"6,367",
-81.497222,37.2483330000001,86,2020,1518890,Southeastern Auger No. 1,Surface,54,West Virginia,Mcdowell,47,37.248333,-81.497222,short tons,"3,301",
-82.5425,37.3436110000001,87,2020,1518911,Mine #28,Underground,21,Kentucky,Pike,195,37.343611,-82.5425,short tons,"60,644",
-82.299298,37.31528,88,2020,1518943,Mine No 5,Underground,21,Kentucky,Pike,195,37.31528,-82.299298,short tons,"77,454",
-82.6481699999999,37.2844420000001,89,2020,1518946,Job #49,Surface,21,Kentucky,Pike,195,37.284442,-82.64817,short tons,"104,167",
-87.300833,38.091667,90,2020,1518950,Addcar Systems 03,Surface,18,Indiana,Warrick,173,38.091667,-87.300833,short tons,"111,625",
-83.1644439999999,37.3994440000001,91,2020,1518966,East Mac & Nellie,Surface,21,Kentucky,Perry,193,37.399444,-83.164444,short tons,"937,145",
-81.488333,38.064444,92,2020,1518978,Shm-44,Surface,54,West Virginia,Boone,5,38.064444,-81.488333,short tons,"1,565",
-83.534722,37.345833,93,2020,1518982,Sturgeon Freeman Fork,Surface,21,Kentucky,Breathitt,25,37.345833,-83.534722,short tons,"4,922",
-83.170833,37.341666,94,2020,1519068,Liberty Management #8,Surface,21,Kentucky,Perry,193,37.341666,-83.170833,short tons,"24,767",
-82.30774,37.3086720000001,95,2020,1519094,Center Creek Mine,Underground,21,Kentucky,Pike,195,37.308672,-82.30774,short tons,"66,154",
-83.919096,36.710424,96,2020,1519187,Shm-10,Surface,21,Kentucky,Knox,121,36.710424,-83.919096,short tons,"31,092",
-82.733056,37.5236110000001,97,2020,1519242,Redhawk #1,Underground,21,Kentucky,Floyd,71,37.523611,-82.733056,short tons,"236,325",
-83.803333,36.635833,98,2020,1519268,Mine #3,Surface,21,Kentucky,Bell,13,36.635833,-83.803333,short tons,"38,413",
-83.8922219999999,36.5852780000001,99,2020,1519272,Lowsplint Surface,Surface,21,Kentucky,Bell,13,36.585278,-83.892222,short tons,"11,749",
-82.316705,37.3066450000001,100,2020,1519280,No 4,Underground,21,Kentucky,Pike,195,37.306645,-82.316705,short tons,"78,547",
-83.2269439999999,37.3116660000001,101,2020,1519281,#1,Underground,21,Kentucky,Perry,193,37.311666,-83.226944,short tons,"6,439",
-81.724167,37.812778,102,2020,1519371,Shm-47,Surface,54,West Virginia,Wyoming,109,37.812778,-81.724167,short tons,"145,138",
-87.888333,37.743055,103,2020,1519374,River View Mine,Underground,21,Kentucky,Union,225,37.743055,-87.888333,short tons,"9,412,068",
-82.048333,37.515,104,2020,1519396,Persimmon Branch Surface Mine,Surface,21,Kentucky,Pike,195,37.515,-82.048333,short tons,"99,218",
-83.111389,37.1716670000001,105,2020,1519405,Orchard Branch Mine No. 89,Underground,21,Kentucky,Perry,193,37.171667,-83.111389,short tons,"341,939",
-83.129215,37.3420630000001,106,2020,1519419,Noble Mine #2,Surface,21,Kentucky,Perry,193,37.342063,-83.129215,short tons,"35,678",
-83.733825,36.8118250000001,107,2020,1519432,Four Mile,Surface,21,Kentucky,Bell,13,36.811825,-83.733825,short tons,"152,402",
-83.348719,37.1518130000001,108,2020,1519441,Aces Branch Mine #9,Surface,21,Kentucky,Leslie,131,37.151813,-83.348719,short tons,"83,591",
-83.2952779999999,36.8075000000001,109,2020,1519455,Highsplint Strip Job #26,Surface,21,Kentucky,Harlan,95,36.8075,-83.295278,short tons,"94,783",
-82.1349999999999,37.4900000000001,110,2020,1519475,Beech Creek Surface Mine #2,Surface,21,Kentucky,Pike,195,37.49,-82.135,short tons,"81,656",
-82.413559,37.545392,111,2020,1519515,Mine #4,Underground,21,Kentucky,Pike,195,37.545392,-82.413559,short tons,"149,741",
-87.0666669999999,37.4002780000001,112,2020,1519535,Genesis,Underground,21,Kentucky,Ohio,183,37.400278,-87.066667,short tons,"251,094",
-82.821389,37.1430560000001,113,2020,1519536,Joes Run Auger No. 26,Surface,21,Kentucky,Daviess,59,37.143056,-82.821389,short tons,"5,643",
-82.813889,37.9236110000001,114,2020,1519538,Job 5,Surface,21,Kentucky,Johnson,115,37.923611,-82.813889,short tons,"255,944",
-82.885102,37.922718,115,2020,1519548,Surface #4,Surface,21,Kentucky,Johnson,115,37.922718,-82.885102,short tons,"54,342",
-82.355833,37.019167,116,2020,1519585,Oam #30,Surface,21,Kentucky,Whitley,235,37.019167,-82.355833,short tons,"5,126",
-82.7264269999999,37.80902,117,2020,1519644,Highwall Miner #12,Surface,21,Kentucky,Knott,119,37.80902,-82.726427,short tons,"194,490",
-82.878527,37.168483,118,2020,1519658,A23 Job 58,Surface,21,Kentucky,Pike,195,37.168483,-82.878527,short tons,"2,166",
-82.2236109999999,37.4375000000001,119,2020,1519684,Phoenix,Underground,21,Kentucky,Pike,195,37.4375,-82.223611,short tons,"125,927",
-82.665089,37.571201,120,2020,1519724,No. 5,Underground,21,Kentucky,Floyd,71,37.571201,-82.665089,short tons,"56,273",
-82.651944,37.448611,121,2020,1519726,No. 1,Underground,21,Kentucky,Floyd,71,37.448611,-82.651944,short tons,"53,906",
-87.051667,37.291389,122,2020,1519744,Pride,Underground,21,Kentucky,Muhlenberg,177,37.291389,-87.051667,short tons,"2,120,338",
-82.821111,37.763333,123,2020,1519748,Jf Aml Stabilization And Recla,Surface,21,Kentucky,Johnson,115,37.763333,-82.821111,short tons,"85,412",
-83.228056,36.7505560000001,124,2020,1519757,Day Branch,Surface,21,Kentucky,Harlan,95,36.750556,-83.228056,short tons,"5,391",
-82.683734,37.253472,125,2020,1519760,Job #58,Surface,21,Kentucky,Pike,195,37.253472,-82.683734,short tons,"43,598",
-82.9449999999999,37.251111,126,2020,1519766,Alum Cave #17,Surface,21,Kentucky,Knott,119,37.251111,-82.945,short tons,"307,381",
-82.885278,37.156389,127,2020,1519770,No. 4,Surface,21,Kentucky,Letcher,133,37.156389,-82.885278,short tons,"2,407",
-82.404444,37.3902780000001,128,2020,1519776,No.4,Underground,21,Kentucky,Pike,195,37.390278,-82.404444,short tons,"17,100",
-82.2175,37.3758330000001,129,2020,1519784,No.7,Underground,21,Kentucky,Pike,195,37.375833,-82.2175,short tons,"96,218",
-82.174167,37.3936110000001,130,2020,1519799,Fedscreek Surface,Surface,21,Kentucky,Pike,195,37.393611,-82.174167,short tons,"62,880",
-87.251944,37.470833,131,2020,1519806,Poplar Grove Mine,Underground,21,Kentucky,Mclean,149,37.470833,-87.251944,short tons,"260,370",
-83.316944,36.9630560000001,132,2020,1519808,Hyden Development East #1,Surface,21,Kentucky,Leslie,131,36.963056,-83.316944,short tons,"167,545",
-88.540556,37.7383330000001,133,2020,1519809,Shm-71,Surface,17,Indiana,Saline,165,37.738333,-88.540556,short tons,"155,807",
-83.2483329999999,36.784722,134,2020,1519815,Three Point,Surface,21,Kentucky,Harlan,95,36.784722,-83.248333,short tons,"19,684",
-84.0649999999999,36.8166670000001,135,2020,1519819,Chm 48,Surface,21,Kentucky,Whitley,235,36.816667,-84.065,short tons,"190,275",
-82.438889,37.7622220000001,136,2020,1519823,White Oak,Surface,21,Kentucky,Martin,159,37.762222,-82.438889,short tons,"47,407",
-82.5108329999999,37.718889,137,2020,1519824,Aldridge,Surface,21,Kentucky,Martin,159,37.718889,-82.510833,short tons,"91,739",
-83.4102779999999,37.0788890000001,138,2020,1519825,Stinnett,Surface,21,Kentucky,Leslie,131,37.078889,-83.410278,short tons,"186,300",
-83.221944,36.8969440000001,139,2020,1519827,Putney Darby Mine #1,Underground,21,Kentucky,Harlan,95,36.896944,-83.221944,short tons,"256,652",
-82.717778,37.512778,140,2020,1519837,Sly Branch Mine,Underground,21,Kentucky,Floyd,71,37.512778,-82.717778,short tons,"53,722",
-82.480833,37.6611110000001,141,2020,1519838,Excel #5,Underground,21,Kentucky,Pike,195,37.661111,-82.480833,short tons,"369,240",
-82.034167,37.4686110000001,142,2020,1519839,No. 3,Surface,51,Virginia,Buchanan,27,37.468611,-82.034167,short tons,"8,754",
-82.110833,37.4380560000001,143,2020,1519842,Paw Paw 2,Underground,21,Kentucky,Pike,195,37.438056,-82.110833,short tons,"386,635",
-83.547222,36.7625,144,2020,1519844,Toms Fork Mine,Underground,21,Kentucky,Bell,13,36.7625,-83.547222,short tons,"106,783",
-83.173889,37.9711110000001,145,2020,1519846,Advanced Restoration Technolog,Surface,21,Kentucky,Morgan,175,37.971111,-83.173889,short tons,"9,356",
-82.188611,37.528889,146,2020,1519847,Netley Branch,Underground,21,Kentucky,Pike,195,37.528889,-82.188611,short tons,"6,000",
-83.5222219999999,36.7705560000001,147,2020,1519848,Bull Branch Mine,Underground,21,Kentucky,Bell,13,36.770556,-83.522222,short tons,"89,489",
-83.889167,36.600556,148,2020,1519852,Shm-70,Surface,21,Kentucky,Bell,13,36.600556,-83.889167,short tons,"52,805",
-84.137778,36.7677780000001,149,2020,1519854,King Mountain Mine,Surface,21,Kentucky,Whitley,235,36.767778,-84.137778,short tons,"23,599",
-84.101667,36.918056,150,2020,1519856,Josie No. 3,Surface,21,Kentucky,Whitley,235,36.918056,-84.101667,short tons,"2,675",
-83.608056,36.782222,151,2020,1519857,Tackett Creek #2,Surface,21,Kentucky,Bell,13,36.782222,-83.608056,short tons,"48,380",
-83.148611,36.7983330000001,152,2020,1519858,Cranks Creek,Surface,21,Kentucky,Harlan,95,36.798333,-83.148611,short tons,"71,297",
-83.170556,36.8591670000001,153,2020,1519859,Magnum #1,Underground,21,Kentucky,Harlan,95,36.859167,-83.170556,short tons,"246,719",
-82.5994439999999,37.4211110000001,154,2020,1519863,Mine 219,Surface,21,Kentucky,Pike,195,37.421111,-82.599444,short tons,"42,146",
-83.92,36.7752780000001,155,2020,1519864,Bryants Store Mine,Surface,21,Kentucky,Knox,121,36.775278,-83.92,short tons,"29,620",
-84.3199999999999,36.7147220000001,156,2020,1519865,Wilburn,Surface,21,Kentucky,Whitley,235,36.714722,-84.32,short tons,115,
-81.550556,37.2277780000001,157,2020,1519868,Cv30,Surface,54,West Virginia,Randolph,83,37.227778,-81.550556,short tons,"12,202",
-82.836111,37.3963890000001,158,2020,1519871,Highwall Miner #2,Surface,21,Kentucky,Knott,119,37.396389,-82.836111,short tons,"81,704",
-82.791389,37.0202780000001,159,2020,1519872,Trace Fork,Surface,21,Kentucky,Letcher,133,37.020278,-82.791389,short tons,"50,660",
-83.1769439999999,36.8750000000001,160,2020,1519873,Bailey Creek,Surface,21,Kentucky,Harlan,95,36.875,-83.176944,short tons,"151,754",
-83.942778,36.7725,161,2020,1519877,Remcoal Inc. #1,Surface,21,Kentucky,Knox,121,36.7725,-83.942778,short tons,"27,543",
-83.116389,36.936944,162,2020,1519882,K-7,Surface,21,Kentucky,Harlan,95,36.936944,-83.116389,short tons,"5,162",
-83.504722,36.7316670000001,163,2020,1519885,Insull Ridge,Surface,21,Kentucky,Bell,13,36.731667,-83.504722,short tons,"37,082",
-83.620278,36.6891670000001,164,2020,1519891,Right Fork Mine,Surface,21,Kentucky,Bell,13,36.689167,-83.620278,short tons,"2,338",
-93.475,31.96,165,2020,1601031,Dolet Hills Lignite Company,Surface,22,Louisiana,De Soto,31,31.96,-93.475,short tons,"455,541",
-92.9691769999999,32.16396,166,2020,1601499,Five Forks Mine,Surface,22,Louisiana,Natchitoches,69,32.16396,-92.969177,short tons,"221,041",
-78.918333,39.613611,167,2020,1800133,Cabin Run,Surface,24,Maryland,Allegany,1,39.613611,-78.918333,short tons,"210,740",
-79.175,39.4,168,2020,1800372,No 1 Strip,Surface,24,Maryland,Garrett,23,39.4,-79.175,short tons,"1,101",
-78.9697219999999,39.5847220000001,169,2020,1800391,No 1 Strip,Surface,24,Maryland,Allegany,1,39.584722,-78.969722,short tons,"35,448",
-79.0049999999999,39.5261110000001,170,2020,1800529,Cobra No 1,Surface,24,Maryland,Allegany,1,39.526111,-79.005,short tons,"25,804",
-79.0083329999999,39.5861110000001,171,2020,1800630,#1 Strip,Surface,24,Maryland,Garrett,23,39.586111,-79.008333,short tons,"2,406",
-79.04803,39.5421460000001,172,2020,1800713,Job #3,Surface,24,Maryland,Allegany,1,39.542146,-79.04803,short tons,"190,277",
-79.9,39.1888890000001,173,2020,1800752,Federal Hill Mine,Surface,24,Maryland,Allegany,1,39.188889,-79.9,short tons,"8,536",
-79.06146,39.4953310000001,174,2020,1800765,No. 1 Surface,Surface,24,Maryland,Garrett,23,39.495331,-79.06146,short tons,"22,955",
-78.962777,39.618055,175,2020,1800769,Carlos Surface,Surface,24,Maryland,Allegany,1,39.618055,-78.962777,short tons,"119,277",
-79.975898,39.6290730000001,176,2020,1800776,Walker Mine,Surface,24,Maryland,Allegany,1,39.629073,-79.975898,short tons,"14,122",
-79.2018649999999,39.667108,177,2020,1800780,Casselman Mine,Underground,24,Maryland,Garrett,23,39.667108,-79.201865,short tons,"523,490",
-89.201141,33.7959270000001,178,2020,2200690,Red Hills Mine,Surface,28,Mississippi,Choctaw,19,33.795927,-89.201141,short tons,"2,587,165",
-94.6,38.1666660000001,179,2020,2302262,Foster South,Surface,29,Missouri,Bates,13,38.166666,-94.6,short tons,"158,739",
-104.375,47.416389,180,2020,2400106,Savage Mine,Surface,30,Montana,Richland,83,47.416389,-104.375,short tons,"274,389",
-106.831111,45.0377780000001,181,2020,2400839,Decker Mine,Surface,30,Montana,Big Horn,3,45.037778,-106.831111,short tons,"3,212,932",
-107.590223,45.7295700000001,182,2020,2400910,Absaloka Mine,Surface,30,Montana,Big Horn,3,45.72957,-107.590223,short tons,"2,082,588",
-106.750278,45.3583330000001,183,2020,2401457,Spring Creek Coal Company,Surface,30,Montana,Big Horn,3,45.358333,-106.750278,short tons,"9,513,255",
-106.6517,45.879153,184,2020,2401747,Rosebud Mine & Crusher/Conveyo,Surface,30,Montana,Rosebud,87,45.879153,-106.6517,short tons,"5,315,470",
-108.705589,46.446959,185,2020,2401950,Bull Mountains Mine No 1,Underground,30,Montana,Musselshell,65,46.446959,-108.705589,short tons,"6,022,919",
-108.541944,36.525,186,2020,2900097,Navajo Mine,Surface,35,New Mexico,San Juan,45,36.525,-108.541944,short tons,"4,448,874",
-108.375,36.8500000000001,187,2020,2902170,San Juan Mine 1,Underground,35,New Mexico,San Juan,45,36.85,-108.375,short tons,"1,245,714",
-108.65,34.6000000000001,188,2020,2902257,El Segundo,Surface,35,New Mexico,Mckinley,31,34.6,-108.65,short tons,"4,554,536",
-101.25,47.5344440000001,189,2020,3200043,Beulah Mine,Surface,38,North Dakota,Mercer,57,47.534444,-101.25,short tons,"435,636",
-101.212778,47.0647220000001,190,2020,3200218,Center Mine,Surface,38,North Dakota,Oliver,65,47.064722,-101.212778,short tons,"4,168,628",
-101.69132,47.127145,191,2020,3200491,Falkirk Mine,Surface,38,North Dakota,Mclean,55,47.127145,-101.69132,short tons,"7,261,161",
-101.233889,47.5000000000001,192,2020,3200595,Freedom Mine,Surface,38,North Dakota,Mercer,57,47.5,-101.233889,short tons,"12,592,297",
-101.882798,47.1672750000001,193,2020,3201028,Coyote Creek Mine,Surface,38,North Dakota,Mercer,57,47.167275,-101.882798,short tons,"1,980,470",
-81.193686,40.008717,194,2020,3300965,Ccu Belmont Strip,Surface,39,Ohio,Belmont,13,40.008717,-81.193686,short tons,"217,888",
-80.9194439999999,40.347222,195,2020,3300968,Hopedale Mine,Underground,39,Ohio,Harrison,67,40.347222,-80.919444,short tons,"281,612",
-81.010278,39.59,196,2020,3301070,Century Mine,Underground,39,Ohio,Monroe,111,39.59,-81.010278,short tons,"1,689,296",
-81.474285,39.651864,197,2020,3301925,Orange Strip,Surface,39,Ohio,Noble,121,39.651864,-81.474285,short tons,"460,913",
-81.5561949999999,40.400178,198,2020,3304179,Ccu Tuscarawas Strip,Surface,39,Ohio,Tuscarawas,157,40.400178,-81.556195,short tons,"11,771",
-80.9695859999999,40.166005,199,2020,3304414,Ccu Harrison Strip,Surface,39,Ohio,Harrison,67,40.166005,-80.969586,short tons,"193,861",
-81.490556,40.3238890000001,200,2020,3304509,Tusky,Underground,39,Ohio,Tuscarawas,157,40.323889,-81.490556,short tons,"101,086",
-82.0649999999999,39.586667,201,2020,3304526,Buckingham  Mine,Underground,39,Ohio,Perry,127,39.586667,-82.065,short tons,"104,168",
-80.9991429999999,40.235909,202,2020,3304577,Ccu Sexton Strip,Surface,39,Ohio,Harrison,67,40.235909,-80.999143,short tons,"165,772",
-81.293736,40.211505,203,2020,3304645,Vail Mine,Underground,39,Ohio,Harrison,67,40.211505,-81.293736,short tons,"360,138",
-80.679444,38.026667,204,2020,3304709,Hwm # 36,Surface,54,West Virginia,Mcdowell,47,38.026667,-80.679444,short tons,"60,823",
-95.937248,35.502666,205,2020,3401062,Joshua Coal Company,Surface,40,Oklahoma,Okmulgee,111,35.502666,-95.937248,short tons,150,
-95.4127779999999,36.6897220000001,206,2020,3402168,Spur Mine,Surface,40,Oklahoma,Craig,35,36.689722,-95.412778,short tons,645,
-78.1699169999999,41.111073,207,2020,3600884,"River Hill Coal Co., Inc.",Surface,42,Pennsylvania,Clearfield,33,41.111073,-78.169917,short tons,"13,637",
-78.659167,41.0822220000001,208,2020,3601241,Rockton/Shaffer Mine,Surface,42,Pennsylvania,Clearfield,33,41.082222,-78.659167,short tons,"3,565",
-75.977771,40.8047750000001,209,2020,3601761,Tamaqua Mine,Surface,42,Pennsylvania,Schuylkill,107,40.804775,-75.977771,short tons,"229,448",
-76.235833,40.6669440000001,210,2020,3601818,R S & W Drift,Underground,42,Pennsylvania,Schuylkill,107,40.666944,-76.235833,short tons,"17,505",
-76.1675,40.714166,211,2020,3601877,K K Strip,Surface,42,Pennsylvania,Schuylkill,107,40.714166,-76.1675,short tons,"2,001",
-76.304166,40.715,212,2020,3601965,Buck Run P-8 P-10,Surface,42,Pennsylvania,Schuylkill,107,40.715,-76.304166,short tons,"129,739",
-76.2122219999999,40.718056,213,2020,3601977,Wadesville P-33,Surface,42,Pennsylvania,Schuylkill,107,40.718056,-76.212222,short tons,"186,090",
-76.6508479999999,40.768307,214,2020,3602203,N & L Slope,Underground,42,Pennsylvania,Northumberland,97,40.768307,-76.650848,short tons,"2,254",
-77.3524889999999,41.4654760000001,215,2020,3602703,Fisher Mining Company,Surface,42,Pennsylvania,Lycoming,81,41.465476,-77.352489,short tons,"180,220",
-78.375075,40.859491,216,2020,3602733,Kasubick #4,Surface,42,Pennsylvania,Clearfield,33,40.859491,-78.375075,short tons,"4,451",
-78.9827779999999,39.971667,217,2020,3603328,Mine No 1,Surface,42,Pennsylvania,Somerset,111,39.971667,-78.982778,short tons,"167,309",
-78.8036949999999,40.9260380000001,218,2020,3603561,Mcclure Strip,Surface,42,Pennsylvania,Jefferson,65,40.926038,-78.803695,short tons,"16,461",
-78.183056,40.931944,219,2020,3604186,A W Long Coal Company,Surface,42,Pennsylvania,Clearfield,33,40.931944,-78.183056,short tons,"1,007",
-75.983056,40.9916670000001,220,2020,3604383,Lattimer Division,Surface,42,Pennsylvania,Luzerne,79,40.991667,-75.983056,short tons,"53,327",
-79.975424,40.9378,221,2020,3604782,Worthville Mine,Surface,42,Pennsylvania,Jefferson,65,40.9378,-79.975424,short tons,"4,196",
-79.972685,39.7955830000001,222,2020,3605018,Cumberland Mine,Underground,42,Pennsylvania,Greene,59,39.795583,-79.972685,short tons,"5,621,165",
-79.5141369999999,41.274639,223,2020,3605208,Ancient Sun Strip Saylor-Mckin,Surface,42,Pennsylvania,Clarion,31,41.274639,-79.514137,short tons,"5,162",
-78.10249,41.152389,224,2020,3605493,Reese No 1 & 2 Strip,Surface,42,Pennsylvania,Clearfield,33,41.152389,-78.10249,short tons,"1,300",
-76.1438879999999,40.6972220000001,225,2020,3605518,Eagle Hill Strip,Surface,42,Pennsylvania,Schuylkill,107,40.697222,-76.143888,short tons,"5,582",
-78.891667,41.0583330000001,226,2020,3605828,Yenzi Strip #3 Mine,Surface,42,Pennsylvania,Jefferson,65,41.058333,-78.891667,short tons,"7,022",
-79.7583559999999,39.1404680000001,227,2020,3606393,Wymps Gap Surface Coal Mine,Surface,42,Pennsylvania,Fayette,51,39.140468,-79.758356,short tons,"1,181",
-79.2047219999999,41.1205560000001,228,2020,3606562,Reichard Strips,Surface,42,Pennsylvania,Jefferson,65,41.120556,-79.204722,short tons,"8,480",
-78.475407,40.975762,229,2020,3606586,Waroquier #1,Surface,42,Pennsylvania,Clearfield,33,40.975762,-78.475407,short tons,"2,097",
-80.4726199999999,39.919627,230,2020,3607230,Bailey Mine,Underground,42,Pennsylvania,Greene,59,39.919627,-80.47262,short tons,"8,668,477",
-76.111387,40.708354,231,2020,3607240,E O J Strip Mine,Surface,42,Pennsylvania,Schuylkill,107,40.708354,-76.111387,short tons,"16,348",
-80.346103,40.0746510000001,232,2020,3607416,Enlow Fork Mine,Underground,42,Pennsylvania,Washington,125,40.074651,-80.346103,short tons,"5,691,381",
-79.010163,40.766395,233,2020,3607437,Rochester Mills Strip Mine,Surface,42,Pennsylvania,Indiana,63,40.766395,-79.010163,short tons,"3,434",
-76.124722,40.738888,234,2020,3607636,Mid Port Strip,Surface,42,Pennsylvania,Schuylkill,107,40.738888,-76.124722,short tons,"14,537",
-78.175,40.9750000000001,235,2020,3607670,King #1,Surface,42,Pennsylvania,Clearfield,33,40.975,-78.175,short tons,"10,271",
-76.282777,40.7047220000001,236,2020,3607730,Serill Strip,Surface,42,Pennsylvania,Schuylkill,107,40.704722,-76.282777,short tons,"5,533",
-79.346944,40.589166,237,2020,3607880,Condor Mine,Surface,42,Pennsylvania,Indiana,63,40.589166,-79.346944,short tons,"2,118",
-78.930282,39.923795,238,2020,3607928,Fieg Bros Coal Co.,Surface,42,Pennsylvania,Somerset,111,39.923795,-78.930282,short tons,"63,061",
-76.395,40.7055550000001,239,2020,3608034,Sherman Mountain Coal Strip,Surface,42,Pennsylvania,Schuylkill,107,40.705555,-76.395,short tons,342,
-79.3074999999999,40.691111,240,2020,3608135,Darmac No. 2 Mine,Underground,42,Pennsylvania,Armstrong,5,40.691111,-79.3075,short tons,"286,201",
-76.0307759999999,40.761244,241,2020,3608140,Bell Corp,Surface,42,Pennsylvania,Schuylkill,107,40.761244,-76.030776,short tons,539,
-78.3233329999999,41.0083330000001,242,2020,3608163,Hoover Job,Surface,42,Pennsylvania,Clearfield,33,41.008333,-78.323333,short tons,"20,953",
-78.395746,40.835063,243,2020,3608248,Shawver Operation,Surface,42,Pennsylvania,Clearfield,33,40.835063,-78.395746,short tons,"3,478",
-76.0813879999999,41.157222,244,2020,3608391,Glen Lyon Operation,Surface,42,Pennsylvania,Luzerne,79,41.157222,-76.081388,short tons,"8,752",
-78.671114,40.675444,245,2020,3608398,Epb Strip,Surface,42,Pennsylvania,Cambria,21,40.675444,-78.671114,short tons,"8,087",
-75.9687039999999,41.2077360000001,246,2020,3608399,No 7 Operation,Surface,42,Pennsylvania,Luzerne,79,41.207736,-75.968704,short tons,"11,032",Refuse coal is included
-76.449444,40.7647220000001,247,2020,3608489,West Spring Energy,Surface,42,Pennsylvania,Northumberland,97,40.764722,-76.449444,short tons,"115,477",
-76.9966659999999,40.5994440000001,248,2020,3608494,Good Spring South,Surface,42,Pennsylvania,Schuylkill,107,40.599444,-76.996666,short tons,"82,644",
-79.0470539999999,40.190209,249,2020,3608501,Mountaineer #1,Surface,42,Pennsylvania,Somerset,111,40.190209,-79.047054,short tons,"3,707",
-77.966237,41.1212190000001,250,2020,3608504,Pioneer #1,Surface,42,Pennsylvania,Clearfield,33,41.121219,-77.966237,short tons,"3,408",
-79.7548619999999,40.234043,251,2020,3608517,"Adc, Inc Pit 008",Surface,42,Pennsylvania,Westmoreland,129,40.234043,-79.754862,short tons,"3,479",
-75.9638879999999,40.926388,252,2020,3608550,Hazleton Shaft South,Surface,42,Pennsylvania,Luzerne,79,40.926388,-75.963888,short tons,"604,167",
-76.323611,40.7925000000001,253,2020,3608590,Continental Strip,Surface,42,Pennsylvania,Schuylkill,107,40.7925,-76.323611,short tons,"64,540",
-76.45,40.5872220000001,254,2020,3608679,No 5 Vein,Underground,42,Pennsylvania,Schuylkill,107,40.587222,-76.45,short tons,"7,601",
-76.233888,40.8166660000001,255,2020,3608684,Hynoski Bros Shenandoah Strip,Surface,42,Pennsylvania,Schuylkill,107,40.816666,-76.233888,short tons,"3,185",
-79.286538,40.6995400000001,256,2020,3608701,Dutch Run,Underground,42,Pennsylvania,Armstrong,5,40.69954,-79.286538,short tons,"201,658",
-78.683056,40.9991670000001,257,2020,3608750,"Bell Resources, Inc",Surface,42,Pennsylvania,Clearfield,33,40.999167,-78.683056,short tons,"34,307",
-76.376389,40.803056,258,2020,3608780,Logan Surface Mine,Surface,42,Pennsylvania,Columbia,37,40.803056,-76.376389,short tons,"81,601",
-79.3280559999999,40.6611110000001,259,2020,3608785,Parkwood Mine,Underground,42,Pennsylvania,Armstrong,5,40.661111,-79.328056,short tons,"118,417",
-76.1769439999999,40.8147220000001,260,2020,3608860,Ellangowan Stripping,Surface,42,Pennsylvania,Schuylkill,107,40.814722,-76.176944,short tons,"192,166",
-76.358056,40.825,261,2020,3608871,Mid Valley Bank,Surface,42,Pennsylvania,Columbia,37,40.825,-76.358056,short tons,"9,827",Refuse coal is included
-76.128611,40.736388,262,2020,3608893,7 Ft Slope,Underground,42,Pennsylvania,Schuylkill,107,40.736388,-76.128611,short tons,"2,837",
-76.080277,40.746388,263,2020,3609059,Kuperavage Ent Inc/Ta Tuscaror,Surface,42,Pennsylvania,Schuylkill,107,40.746388,-76.080277,short tons,"18,982",
-78.878611,40.4594440000001,264,2020,3609122,Laurel Sand And Stone Inc,Surface,42,Pennsylvania,Cambria,21,40.459444,-78.878611,short tons,"72,639",
-78.923056,40.404167,265,2020,3609127,Madison Mine,Underground,42,Pennsylvania,Cambria,21,40.404167,-78.923056,short tons,"548,288",
-76.0783929999999,40.74215,266,2020,3609150,Jett #2 Stripping,Surface,42,Pennsylvania,Schuylkill,107,40.74215,-76.078393,short tons,356,
-78.983056,40.7655560000001,267,2020,3609183,Bam Auger 3,Surface,54,West Virginia,Nicholas,67,40.765556,-78.983056,short tons,"6,807",
-78.8749999999999,40.458333,268,2020,3609185,Auger 3152,Surface,42,Pennsylvania,Indiana,63,40.458333,-78.875,short tons,"3,964",
-79.387222,40.549722,269,2020,3609189,3163,Surface,42,Pennsylvania,Somerset,111,40.549722,-79.387222,short tons,"1,355",
-76.649444,40.7694440000001,270,2020,3609231,Zerbe 10 Mine,Surface,42,Pennsylvania,Northumberland,97,40.769444,-76.649444,short tons,"1,735",
-79.1233329999999,40.571667,271,2020,3609287,Lowry Mine,Underground,42,Pennsylvania,Indiana,63,40.571667,-79.123333,short tons,"72,632",
-76.123889,40.8322220000001,272,2020,3609304,Park Mine Coal Company,Surface,42,Pennsylvania,Schuylkill,107,40.832222,-76.123889,short tons,"30,530",
-78.656944,40.799722,273,2020,3609305,Kellar #3  Sn #3153,Surface,42,Pennsylvania,Somerset,111,40.799722,-78.656944,short tons,"4,029",
-78.80947,40.3641230000001,274,2020,3609306,Kellar #2,Surface,42,Pennsylvania,Cambria,21,40.364123,-78.80947,short tons,"6,689",
-78.605556,40.4425000000001,275,2020,3609308,Cresson,Underground,42,Pennsylvania,Cambria,21,40.4425,-78.605556,short tons,"199,386",
-76.6086109999999,40.7819440000001,276,2020,3609322,West End,Surface,42,Pennsylvania,Northumberland,97,40.781944,-76.608611,short tons,"40,605",
-78.889779,40.559469,277,2020,3609342,Barrett Mine,Underground,42,Pennsylvania,Indiana,63,40.559469,-78.889779,short tons,"371,016",
-76.677778,40.7663890000001,278,2020,3609348,Crystal Strip,Surface,42,Pennsylvania,Northumberland,97,40.766389,-76.677778,short tons,"11,203",
-78.611389,41.233889,279,2020,3609355,Penfield Mine,Underground,42,Pennsylvania,Clearfield,33,41.233889,-78.611389,short tons,"7,113",
-78.775438,40.2828400000001,280,2020,3609371,Mine 78,Underground,42,Pennsylvania,Somerset,111,40.28284,-78.775438,short tons,"611,730",
-79.331667,40.5252780000001,281,2020,3609394,Knob Creek,Underground,42,Pennsylvania,Indiana,63,40.525278,-79.331667,short tons,"165,864",
-76.115278,40.8280560000001,282,2020,3609401,Primrose Operation,Surface,42,Pennsylvania,Schuylkill,107,40.828056,-76.115278,short tons,"140,279",
-78.909167,40.6150000000001,283,2020,3609407,Heilwood,Underground,42,Pennsylvania,Indiana,63,40.615,-78.909167,short tons,"165,658",
-76.586666,40.594722,284,2020,3609435,Williamstown Mine #1,Underground,42,Pennsylvania,Dauphin,43,40.594722,-76.586666,short tons,"10,195",
-78.763333,41.2736110000001,285,2020,3609436,Kocjancic,Underground,42,Pennsylvania,Jefferson,65,41.273611,-78.763333,short tons,"154,448",
-79.1086109999999,40.530556,286,2020,3609437,Brush Valley,Underground,42,Pennsylvania,Indiana,63,40.530556,-79.108611,short tons,"573,229",
-76.6472219999999,40.778333,287,2020,3609475,No 13 Slope,Underground,42,Pennsylvania,Northumberland,97,40.778333,-76.647222,short tons,"5,481",
-78.7113889999999,40.779167,288,2020,3609477,Harmony Mine,Underground,42,Pennsylvania,Clearfield,33,40.779167,-78.711389,short tons,"219,832",
-76.2776049999999,40.661837,289,2020,3609511,Selkirk 2,Surface,42,Pennsylvania,Schuylkill,107,40.661837,-76.277605,short tons,"9,569",
-76.478333,40.8150000000001,290,2020,3609545,Mustang Stripping,Surface,42,Pennsylvania,Northumberland,97,40.815,-76.478333,short tons,"19,208",
-76.2402769999999,40.811944,291,2020,3609547,Brownsville,Surface,42,Pennsylvania,Schuylkill,107,40.811944,-76.240277,short tons,"64,046",
-76.680833,40.7655550000001,292,2020,3609548,Trevorton Strip,Surface,42,Pennsylvania,Northumberland,97,40.765555,-76.680833,short tons,"38,572",
-76.408333,40.7752780000001,293,2020,3609558,Locust Summit Strip Mine,Surface,42,Pennsylvania,Northumberland,97,40.775278,-76.408333,short tons,"43,097",
-79.1657969999999,40.500364,294,2020,3609595,Coral-Graceton,Underground,42,Pennsylvania,Indiana,63,40.500364,-79.165797,short tons,"135,781",
-78.2602229999999,41.0890410000001,295,2020,3609603,Res Shawville,Surface,42,Pennsylvania,Clearfield,33,41.089041,-78.260223,short tons,"119,437",
-78.3322219999999,40.794722,296,2020,3609604,Res Houtzdale,Surface,42,Pennsylvania,Clearfield,33,40.794722,-78.332222,short tons,"88,658",
-78.192222,40.9422220000001,297,2020,3609605,Res Morrisdale,Surface,42,Pennsylvania,Clearfield,33,40.942222,-78.192222,short tons,"247,318",
-76.632778,40.7583330000001,298,2020,3609632,No 1 Stripping,Surface,42,Pennsylvania,Northumberland,97,40.758333,-76.632778,short tons,510,
-78.948056,39.988611,299,2020,3609666,Horning Deep Mine,Underground,42,Pennsylvania,Somerset,111,39.988611,-78.948056,short tons,"160,411",
-79.742103,41.2047590000001,300,2020,3609819,K & A Strips,Surface,42,Pennsylvania,Clarion,31,41.204759,-79.742103,short tons,"20,070",
-79.855138,39.901284,301,2020,3609826,T & B Strip,Surface,42,Pennsylvania,Fayette,51,39.901284,-79.855138,short tons,"6,671",
-78.931389,40.0805560000001,302,2020,3609881,"Coal Loaders, Inc.",Surface,42,Pennsylvania,Somerset,111,40.080556,-78.931389,short tons,"22,411",
-76.566388,40.7727770000001,303,2020,3609885,Blue Ridge Mining,Surface,42,Pennsylvania,Northumberland,97,40.772777,-76.566388,short tons,252,
-78.850833,40.307222,304,2020,3609886,Solomon Run  Mine,Surface,42,Pennsylvania,Cambria,21,40.307222,-78.850833,short tons,"2,208",
-79.049722,40.103889,305,2020,3609893,Acosta Deep Mine,Underground,42,Pennsylvania,Somerset,111,40.103889,-79.049722,short tons,"362,347",
-78.201666,40.1930550000001,306,2020,3609923,Tasara Strips,Surface,42,Pennsylvania,Bedford,9,40.193055,-78.201666,short tons,"186,973",
-78.863038,40.1310060000001,307,2020,3609956,3139,Surface,42,Pennsylvania,Clearfield,33,40.131006,-78.863038,short tons,"10,820",
-76.248119,40.7268570000001,308,2020,3609963,Slope #2,Underground,42,Pennsylvania,Schuylkill,107,40.726857,-76.248119,short tons,"10,281",
-78.2583329999999,40.8708330000001,309,2020,3609965,Horton Strips,Surface,42,Pennsylvania,Clearfield,33,40.870833,-78.258333,short tons,"13,870",
-79.2384479999999,40.6708150000001,310,2020,3609972,Crooked Creek Mine,Underground,42,Pennsylvania,Indiana,63,40.670815,-79.238448,short tons,"516,209",
-78.959167,40.201667,311,2020,3609973,Maple Springs Mine,Underground,42,Pennsylvania,Somerset,111,40.201667,-78.959167,short tons,"87,395",
-79.061587,40.1273340000001,312,2020,3610041,North Fork,Underground,42,Pennsylvania,Somerset,111,40.127334,-79.061587,short tons,"68,004",
-80.420833,39.9694440000001,313,2020,3610045,Harvey Mine,Underground,42,Pennsylvania,Greene,59,39.969444,-80.420833,short tons,"4,410,039",
-79.632231,39.965696,314,2020,3610053,Fay Penn #1,Surface,42,Pennsylvania,Fayette,51,39.965696,-79.632231,short tons,843,
-79.394167,40.1002780000001,315,2020,3610089,Rustic Ridge #1 Mine,Underground,42,Pennsylvania,Westmoreland,129,40.100278,-79.394167,short tons,"362,861",
-76.683056,40.7736110000001,316,2020,3610110,Bottom Rock Slope,Underground,42,Pennsylvania,Northumberland,97,40.773611,-76.683056,short tons,"3,164",
-76.6472219999999,40.7638890000001,317,2020,3610127,Big Mountain Anthracite #1 Pit,Surface,42,Pennsylvania,Northumberland,97,40.763889,-76.647222,short tons,"4,730",
-79.060556,39.7555560000001,318,2020,3610150,Mast Mine,Surface,42,Pennsylvania,Somerset,111,39.755556,-79.060556,short tons,"178,971",
-78.8544439999999,40.310278,319,2020,3610165,Solomon Run,Surface,42,Pennsylvania,Somerset,111,40.310278,-78.854444,short tons,"63,425",
-76.148611,40.819444,320,2020,3610210,Mahanoy City Stripping,Surface,42,Pennsylvania,Schuylkill,107,40.819444,-76.148611,short tons,"35,173",
-75.973889,40.9250000000001,321,2020,3610225,Spring Mountain Strip,Surface,42,Pennsylvania,Carbon,25,40.925,-75.973889,short tons,"27,213",
-76.4572219999999,40.5919440000001,322,2020,3610233,Broad Mountain Slope,Underground,42,Pennsylvania,Schuylkill,107,40.591944,-76.457222,short tons,"3,770",
-78.177778,40.135278,323,2020,3610246,Richards Mine,Surface,42,Pennsylvania,Bedford,9,40.135278,-78.177778,short tons,"6,106",
-78.688889,41.1233330000001,324,2020,3610253,Corbet South Mine,Surface,42,Pennsylvania,Clearfield,33,41.123333,-78.688889,short tons,"8,918",
-79.136111,41.1238890000001,325,2020,3610256,Mayo Operation,Surface,42,Pennsylvania,Jefferson,65,41.123889,-79.136111,short tons,"1,446",
-79.2269439999999,40.271667,326,2020,3610257,Mellon # 5 Mine,Surface,42,Pennsylvania,Westmoreland,129,40.271667,-79.226944,short tons,"41,217",
-78.693889,40.7038890000001,327,2020,3610258,Driscoll Hollow Mine,Surface,42,Pennsylvania,Cambria,21,40.703889,-78.693889,short tons,"26,230",
-80.029167,40.1616670000001,328,2020,3610263,Gurdish Mine,Surface,42,Pennsylvania,Washington,125,40.161667,-80.029167,short tons,"15,081",
-78.836111,40.031389,329,2020,3610272,Craighead Mine,Surface,42,Pennsylvania,Somerset,111,40.031389,-78.836111,short tons,"2,172",
-76.261944,40.799722,330,2020,3610275,Packer Strip,Surface,42,Pennsylvania,Schuylkill,107,40.799722,-76.261944,short tons,"6,392",
-78.342778,41.0919440000001,331,2020,3610279,3165,Surface,42,Pennsylvania,Clearfield,33,41.091944,-78.342778,short tons,"2,965",
-78.333611,41.0177780000001,332,2020,3610291,Woolridge #4,Surface,42,Pennsylvania,Clearfield,33,41.017778,-78.333611,short tons,"27,796",
-78.6025,40.409167,333,2020,3610294,Brown Mine,Surface,42,Pennsylvania,Cambria,21,40.409167,-78.6025,short tons,"44,851",
-78.8413889999999,39.841389,334,2020,3610306,Saylor Mine,Surface,42,Pennsylvania,Somerset,111,39.841389,-78.841389,short tons,"7,422",
-78.831944,40.1094440000001,335,2020,3610307,Ferko Strip,Surface,42,Pennsylvania,Somerset,111,40.109444,-78.831944,short tons,"9,874",
-78.489167,40.973333,336,2020,3610310,Auger #1,Surface,42,Pennsylvania,Clearfield,33,40.973333,-78.489167,short tons,357,
-79.466944,41.1111110000001,337,2020,3610321,Burns Farm,Surface,42,Pennsylvania,Clarion,31,41.111111,-79.466944,short tons,"41,372",
-79.3372219999999,41.012778,338,2020,3610323,Shankle Mine,Surface,42,Pennsylvania,Clarion,31,41.012778,-79.337222,short tons,"10,130",
-78.8758329999999,39.988889,339,2020,3610329,Big Pine Mine,Surface,42,Pennsylvania,Somerset,111,39.988889,-78.875833,short tons,336,
-78.342778,41.092222,340,2020,3610339,Auger 11,Surface,42,Pennsylvania,Clearfield,33,41.092222,-78.342778,short tons,"5,980",
-79.0263889999999,39.969722,341,2020,3610340,Beachley Strip,Surface,42,Pennsylvania,Somerset,111,39.969722,-79.026389,short tons,"3,748",
-78.489167,40.973333,342,2020,3610346,Auger #2,Surface,42,Pennsylvania,Clearfield,33,40.973333,-78.489167,short tons,500,
-83.9366669999999,36.545556,343,2020,4003353,Shm-14,Surface,47,Tennessee,Claiborne,25,36.545556,-83.936667,short tons,"9,058",
-81.724167,37.812778,344,2020,4003376,Addcar System 16,Surface,8,West Virginia,Moffat,81,37.812778,-81.724167,short tons,"87,588",
-81.6405559999999,37.7697220000001,345,2020,4003398,Shm-75,Surface,54,West Virginia,Boone,5,37.769722,-81.640556,short tons,"106,475",
-83.899444,36.540556,346,2020,4003441,Cooper Ridge Deep Mine,Underground,47,Tennessee,Claiborne,25,36.540556,-83.899444,short tons,"82,813",
-98.466666,28.6833330000001,347,2020,4102840,San Miguel Lignite Mine,Surface,48,Texas,Atascosa,13,28.683333,-98.466666,short tons,"2,647,716",
-94.5088729999999,32.453044,348,2020,4103101,South Hallsville No 1 Mine,Surface,48,Texas,Harrison,203,32.453044,-94.508873,short tons,"1,626,283",
-96.668333,31.098888,349,2020,4103428,Calvert Mine,Surface,48,Texas,Robertson,395,31.098888,-96.668333,short tons,"1,972,073",
-100.445833,28.816111,350,2020,4103739,Eagle Pass Mine,Surface,48,Texas,Maverick,323,28.816111,-100.445833,short tons,"294,026",
-96.495277,31.2825,351,2020,4104586,Kosse Strip,Surface,48,Texas,Limestone,293,31.2825,-96.495277,short tons,"10,104,901",
-94.2969439999999,32.349722,352,2020,4104864,Marshall Mine,Surface,48,Texas,Harrison,203,32.349722,-94.296944,short tons,"83,235",
-94.612716,32.2641990000001,353,2020,4104964,Liberty,Surface,48,Texas,Rusk,401,32.264199,-94.612716,short tons,"2,954,048",
-111.234722,38.8733330000001,354,2020,4200079,Emery Mine,Underground,49,Utah,Emery,15,38.873333,-111.234722,short tons,"474,431",
-111.416944,38.9133330000001,355,2020,4200089,Sufco,Underground,49,Utah,Sevier,41,38.913333,-111.416944,short tons,"4,458,836",
-111.233494,39.6772780000001,356,2020,4201566,Skyline Mine #3,Underground,49,Utah,Carbon,7,39.677278,-111.233494,short tons,"3,687,574",
-110.340556,39.426111,357,2020,4202241,Lila Canyon,Underground,49,Utah,Carbon,7,39.426111,-110.340556,short tons,"3,301,880",
-111.093889,39.408333,358,2020,4202263,Gentry Mine #3,Underground,49,Utah,Emery,15,39.408333,-111.093889,short tons,"659,914",
-111.093889,39.408333,359,2020,4202335,Gentry Mountain #4,Underground,49,Utah,Emery,15,39.408333,-111.093889,short tons,"11,382",
-112.454167,37.4061110000001,360,2020,4202519,Coal Hollow Mine,Surface,49,Utah,Kane,25,37.406111,-112.454167,short tons,"569,090",
-82.186111,36.9527780000001,361,2020,4402277,Rcr #1,Surface,51,Virginia,Russell,167,36.952778,-82.186111,short tons,"29,663",
-81.9869439999999,37.161389,362,2020,4404856,Buchanan Mine #1,Underground,51,Virginia,Buchanan,27,37.161389,-81.986944,short tons,"3,766,386",
-81.853056,37.2761110000001,363,2020,4406748,Jv 16 Mine,Underground,51,Virginia,Buchanan,27,37.276111,-81.853056,short tons,"56,457",
-82.235833,37.3163890000001,364,2020,4406868,No 6,Underground,51,Virginia,Buchanan,27,37.316389,-82.235833,short tons,"8,292",
-81.55549,37.87309,365,2020,4407041,Ahm Coal Mac Mine #1,Surface,54,West Virginia,Logan,45,37.87309,-81.55549,short tons,"101,346",
-82.151111,37.1905560000001,366,2020,4407047,Mine No. 2,Underground,51,Virginia,Buchanan,27,37.190556,-82.151111,short tons,"39,984",
-82.168056,37.2713890000001,367,2020,4407085,Cv#37 Auger Miner,Surface,51,Virginia,Buchanan,27,37.271389,-82.168056,short tons,"14,794",
-82.8375,36.968889,368,2020,4407087,D-6 North Fork,Underground,51,Virginia,Wise,195,36.968889,-82.8375,short tons,"21,137",
-82.522778,37.1388890000001,369,2020,4407115,Baden #1,Surface,51,Virginia,Dickenson,51,37.138889,-82.522778,short tons,"12,712",
-82.6184949999999,37.099836,370,2020,4407124,True Energy Fuels Mine No. 2,Surface,51,Virginia,Wise,195,37.099836,-82.618495,short tons,"12,809",
-82.658175,36.9710210000001,371,2020,4407133,No. 26 Strip,Surface,51,Virginia,Wise,195,36.971021,-82.658175,short tons,"193,929",
-82.720556,37.0588890000001,372,2020,4407137,No. 2,Underground,51,Virginia,Wise,195,37.058889,-82.720556,short tons,"165,959",
-82.807222,36.8791670000001,373,2020,4407150,D-7 Osaka,Underground,51,Virginia,Wise,195,36.879167,-82.807222,short tons,"67,083",
-82.721944,36.987778,374,2020,4407156,Big D #3,Surface,51,Virginia,Wise,195,36.987778,-82.721944,short tons,797,
-82.1559329999999,37.0717980000001,375,2020,4407163,88 Strip,Surface,51,Virginia,Dickenson,51,37.071798,-82.155933,short tons,"669,357",
-81.497222,37.2483330000001,376,2020,4407172,Virginia Point No. 1 Surface M,Surface,51,Virginia,Tazewell,185,37.248333,-81.497222,short tons,"50,673",
-82.0541669999999,37.405833,377,2020,4407199,Laurel Branch Surface,Surface,51,Virginia,Buchanan,27,37.405833,-82.054167,short tons,"323,816",
-82.2608329999999,37.043889,378,2020,4407217,No. 11,Underground,51,Virginia,Dickenson,51,37.043889,-82.260833,short tons,"14,918",
-81.783889,37.238889,379,2020,4407220,Jv 17 Mine,Underground,51,Virginia,Buchanan,27,37.238889,-81.783889,short tons,"78,273",
-82.388333,37.0961110000001,380,2020,4407223,Deep Mine 41,Underground,51,Virginia,Dickenson,51,37.096111,-82.388333,short tons,"2,104,519",
-82.244,37.315325,381,2020,4407225,Huffman Fk.,Surface,51,Virginia,Buchanan,27,37.315325,-82.244,short tons,"10,646",
-82.394444,38.710833,382,2020,4407260,Mine No. 1,Underground,51,Virginia,Dickenson,51,38.710833,-82.394444,short tons,"13,095",
-82.070932,37.314599,383,2020,4407268,Lower Mill,Underground,51,Virginia,Buchanan,27,37.314599,-82.070932,short tons,"6,383",
-82.113935,37.4237630000001,384,2020,4407285,Piney Branch Surface Mine,Surface,51,Virginia,Buchanan,27,37.423763,-82.113935,short tons,"1,055",
-82.3741669999999,37.0588890000001,385,2020,4407308,Deep Mine 44,Underground,51,Virginia,Dickenson,51,37.058889,-82.374167,short tons,"484,494",
-82.193857,37.366898,386,2020,4407318,Hackney Creek Hagy,Underground,51,Virginia,Buchanan,27,37.366898,-82.193857,short tons,"112,092",
-82.232222,37.312778,387,2020,4407327,Shm #1 Miner,Surface,54,West Virginia,Randolph,83,37.312778,-82.232222,short tons,"22,872",
-82.168056,37.2713890000001,388,2020,4407355,Cv#1 Surface Mine,Surface,51,Virginia,Buchanan,27,37.271389,-82.168056,short tons,"21,372",
-82.2549999999999,37.3158330000001,389,2020,4407366,Tilley,Underground,51,Virginia,Buchanan,27,37.315833,-82.255,short tons,"219,237",
-82.4630559999999,36.973889,390,2020,4407367,Toms Creek North,Underground,51,Virginia,Wise,195,36.973889,-82.463056,short tons,"11,652",
-82.713333,36.9358330000001,391,2020,4407373,Jeffrey Hwm,Surface,51,Virginia,Wise,195,36.935833,-82.713333,short tons,600,
-82.2738889999999,37.067778,392,2020,4407381,Long Branch Surface Mine,Surface,51,Virginia,Dickenson,51,37.067778,-82.273889,short tons,"242,942",
-82.517778,36.9866670000001,393,2020,4407384,Airport Mine 1,Surface,51,Virginia,Wise,195,36.986667,-82.517778,short tons,"83,537",
-82.452778,36.972222,394,2020,4407388,Toms Creek South,Underground,51,Virginia,Wise,195,36.972222,-82.452778,short tons,"14,869",
-82.5511109999999,37.0050000000001,395,2020,4407391,Turkey Branch Strip #1,Surface,51,Virginia,Wise,195,37.005,-82.551111,short tons,"14,650",
-82.034167,37.4686110000001,396,2020,4407392,Elk Creek Surface,Surface,51,Virginia,Buchanan,27,37.468611,-82.034167,short tons,"132,539",
-82.856667,36.872778,397,2020,4407394,Nev #1,Surface,51,Virginia,Wise,195,36.872778,-82.856667,short tons,"235,148",
-82.363333,37.1775000000001,398,2020,4407395,Gay Branch #1,Surface,51,Virginia,Dickenson,51,37.1775,-82.363333,short tons,"118,620",Refuse coal is included
-82.124444,37.2311110000001,399,2020,4407400,Airport Surface,Surface,51,Virginia,Buchanan,27,37.231111,-82.124444,short tons,"336,216",
-82.3544439999999,37.15,400,2020,4407404,Clinchco #1,Surface,51,Virginia,Dickenson,51,37.15,-82.354444,short tons,"23,188",Refuse coal is included
-80.3625,39.4027780000001,401,2020,4601318,Harrison County Mine,Underground,54,West Virginia,Wetzel,103,39.402778,-80.3625,short tons,"4,880,471",
-80.291389,39.6083330000001,402,2020,4601433,Marion County Mine,Underground,54,West Virginia,Marion,49,39.608333,-80.291389,short tons,"3,874,919",
-80.726637,40.202273,403,2020,4601436,Ohio County Mine,Underground,54,West Virginia,Marshall,51,40.202273,-80.726637,short tons,"4,998,672",
-80.486391,39.478299,404,2020,4601437,Marshall County Mine,Underground,54,West Virginia,Marshall,51,39.478299,-80.486391,short tons,"8,854,604",
-81.5691669999999,37.5755560000001,405,2020,4601544,Road Fork #51 Mine,Underground,54,West Virginia,Wyoming,109,37.575556,-81.569167,short tons,"125,555",
-80.353889,39.746111,406,2020,4601968,Monongalia County Mine,Underground,42,Pennsylvania,Greene,59,39.746111,-80.353889,short tons,"2,294,715",
-81.5506329999999,37.2293230000001,407,2020,4602380,Bishop Impoundment Area,Surface,54,West Virginia,Mcdowell,47,37.229323,-81.550633,short tons,150,
-79.1204989999999,39.355529,408,2020,4602489,No 1 Strip,Surface,54,West Virginia,Mineral,57,39.355529,-79.120499,short tons,528,
-80.049722,39.2,409,2020,4604168,Leer South Mine,Underground,54,West Virginia,Barbour,1,39.2,-80.049722,short tons,"756,071",
-81.334167,38.035833,410,2020,4604236,Maple Eagle No. 1 Mine,Underground,54,West Virginia,Fayette,19,38.035833,-81.334167,short tons,"13,082",
-81.26257,37.770852,411,2020,4605252,Beckley Pocahontas Mine,Underground,54,West Virginia,Raleigh,81,37.770852,-81.26257,short tons,"1,004,202",
-81.468756,38.166234,412,2020,4605437,American Eagle Mine,Underground,54,West Virginia,Kanawha,39,38.166234,-81.468756,short tons,"750,953",
-81.495556,37.2738890000001,413,2020,4605741,Low Gap Surface Mine,Surface,54,West Virginia,Mcdowell,47,37.273889,-81.495556,short tons,"9,392",
-82.315278,37.8208330000001,414,2020,4606089,Minway No. 1,Surface,54,West Virginia,Mingo,59,37.820833,-82.315278,short tons,"37,559",
-81.609722,37.6025000000001,415,2020,4606263,Wyoming No 2,Underground,54,West Virginia,Wyoming,109,37.6025,-81.609722,short tons,"180,205",
-81.623611,37.506111,416,2020,4606265,Sewell Mine B,Underground,54,West Virginia,Mcdowell,47,37.506111,-81.623611,short tons,"90,120",
-81.550556,37.2277780000001,417,2020,4606578,Red Fox Surface Mine,Surface,54,West Virginia,Mcdowell,47,37.227778,-81.550556,short tons,"83,223",
-81.580641,37.449981,418,2020,4606609,Skyway Ii Mine,Surface,54,West Virginia,Mcdowell,47,37.449981,-81.580641,short tons,557,
-81.591667,37.7936110000001,419,2020,4606618,Gateway Eagle Mine,Underground,54,West Virginia,Boone,5,37.793611,-81.591667,short tons,"217,254",
-81.475,38.0588890000001,420,2020,4607178,Samples Surface Mine,Surface,54,West Virginia,Kanawha,39,38.058889,-81.475,short tons,"229,139",
-81.545833,37.409167,421,2020,4607366,No 1,Underground,54,West Virginia,Mcdowell,47,37.409167,-81.545833,short tons,"11,066",
-81.2499999999999,38.159167,422,2020,4607537,Alloy Surface Mine,Surface,54,West Virginia,Fayette,19,38.159167,-81.25,short tons,"16,380",
-81.7,38.0541670000001,423,2020,4607938,"Black Castle Mining Company, L",Surface,54,West Virginia,Boone,5,38.054167,-81.7,short tons,"98,787",
-81.319722,38.0072220000001,424,2020,4608625,Kingston No 1,Underground,54,West Virginia,Fayette,19,38.007222,-81.319722,short tons,"22,752",
-82.114167,37.6838890000001,425,2020,4608632,White Flame Surface Mine,Surface,54,West Virginia,Mingo,59,37.683889,-82.114167,short tons,"77,923",
-81.585278,37.905556,426,2020,4608645,Twilight Mtr Surface Mine,Surface,54,West Virginia,Boone,5,37.905556,-81.585278,short tons,"270,180",
-81.483056,37.3872220000001,427,2020,4608647,Eckman Surface Mine,Surface,54,West Virginia,Mcdowell,47,37.387222,-81.483056,short tons,"270,133",
-80.225833,38.768333,428,2020,4608656,Morgan Camp Mine,Underground,54,West Virginia,Randolph,83,38.768333,-80.225833,short tons,"578,238",
-81.6874999999999,37.3286110000001,429,2020,4608659,Mine No. 32,Underground,54,West Virginia,Mcdowell,47,37.328611,-81.6875,short tons,"67,327",
-81.7524999999999,37.7105560000001,430,2020,4608663,Stonecoal Branch Mine No. 2,Underground,54,West Virginia,Logan,45,37.710556,-81.7525,short tons,"374,835",
-81.559722,38.154167,431,2020,4608759,North Eagle Mine,Underground,54,West Virginia,Boone,5,38.154167,-81.559722,short tons,"812,260",
-81.48,37.4647220000001,432,2020,4608786,No 57 Mine,Underground,54,West Virginia,Mcdowell,47,37.464722,-81.48,short tons,"8,312",
-80.990556,38.2986110000001,433,2020,4608787,Jerry Fork Eagle,Underground,54,West Virginia,Nicholas,67,38.298611,-80.990556,short tons,"827,027",
-81.8980559999999,37.8155560000001,434,2020,4608801,Aracoma Alma Mine #1,Underground,54,West Virginia,Logan,45,37.815556,-81.898056,short tons,"713,920",
-81.908889,37.820278,435,2020,4608802,Hernshaw Mine,Underground,54,West Virginia,Logan,45,37.820278,-81.908889,short tons,"187,232",
-82.2038889999999,37.7441670000001,436,2020,4608808,Ruby Energy,Underground,54,West Virginia,Mingo,59,37.744167,-82.203889,short tons,"574,249",
-81.5125,37.9308330000001,437,2020,4608837,Coon Cedar Grove Mine,Underground,54,West Virginia,Raleigh,81,37.930833,-81.5125,short tons,"108,896",
-81.977222,37.7286110000001,438,2020,4608838,Superior Surface Mine,Surface,54,West Virginia,Logan,45,37.728611,-81.977222,short tons,"68,759",
-80.982002,40.135271,439,2020,4608864,Tunnel Ridge Mine,Underground,54,West Virginia,Ohio,69,40.135271,-80.982002,short tons,"6,756,696",
-81.228056,37.7111110000001,440,2020,4608878,Affinity Mine,Underground,54,West Virginia,Raleigh,81,37.711111,-81.228056,short tons,"770,857",
-81.6622609999999,37.952956,441,2020,4608921,Surface Mine No. 7,Surface,54,West Virginia,Boone,5,37.952956,-81.662261,short tons,"3,120",
-82.090277,37.5658330000001,442,2020,4608930,Grapevine South Surface Mine,Surface,54,West Virginia,Mingo,59,37.565833,-82.090277,short tons,"396,645",
-81.3099999999999,37.965833,443,2020,4608932,Kingston No. 2,Underground,54,West Virginia,Fayette,19,37.965833,-81.31,short tons,"398,972",
-81.699833,38.2018150000001,444,2020,4608967,Boone North No. 1 Surface Mine,Surface,54,West Virginia,Boone,5,38.201815,-81.699833,short tons,"27,975",
-81.529167,37.858056,445,2020,4608977,Edwight Surface Mine,Surface,54,West Virginia,Raleigh,81,37.858056,-81.529167,short tons,"1,108",
-82.072222,37.7027780000001,446,2020,4608984,Holden #22 Surface,Surface,54,West Virginia,Logan,45,37.702778,-82.072222,short tons,"1,405,112",
-81.3141669999999,37.916389,447,2020,4609026,Ewing Fork No. 1 Surface Mine,Surface,54,West Virginia,Raleigh,81,37.916389,-81.314167,short tons,"791,362",
-79.3816669999999,39.1872220000001,448,2020,4609028,Mountain View Mine,Underground,54,West Virginia,Tucker,93,39.187222,-79.381667,short tons,"1,834,142",
-81.7986109999999,37.9119440000001,449,2020,4609029,Mountaineer Ii Mine,Underground,54,West Virginia,Logan,45,37.911944,-81.798611,short tons,"891,573",
-80.595277,38.491388,450,2020,4609036,Seven Pines,Surface,54,West Virginia,Webster,101,38.491388,-80.595277,short tons,"142,045",
-81.4558729999999,37.9152720000001,451,2020,4609048,Slip Ridge Cedar Grove Mine,Underground,54,West Virginia,Raleigh,81,37.915272,-81.455873,short tons,"129,037",
-80.179444,39.5172220000001,452,2020,4609050,Barrackville Refuse Pile,Surface,54,West Virginia,Marion,49,39.517222,-80.179444,short tons,"170,267",
-80.738368,38.394097,453,2020,4609052,Bam 7 Auger,Surface,54,West Virginia,Fayette,19,38.394097,-80.738368,short tons,"14,707",
-81.346944,37.9761110000001,454,2020,4609054,Republic Energy,Surface,54,West Virginia,Fayette,19,37.976111,-81.346944,short tons,"799,657",
-81.671234,37.639624,455,2020,4609062,Coal Mountain No 1 Surface,Surface,54,West Virginia,Wyoming,109,37.639624,-81.671234,short tons,"484,513",
-81.696111,38.1619440000001,456,2020,4609070,Boone North No. 2 Surface Mine,Surface,54,West Virginia,Boone,5,38.161944,-81.696111,short tons,"20,368",
-82.161695,37.804533,457,2020,4609075,Twin Branch No 1 Surface,Surface,54,West Virginia,Mingo,59,37.804533,-82.161695,short tons,"337,796",
-81.317357,37.88867,458,2020,4609091,Horse Creek Eagle,Underground,54,West Virginia,Raleigh,81,37.88867,-81.317357,short tons,"412,947",
-81.3076169999999,37.8972390000001,459,2020,4609092,Allen Powellton Mine,Underground,54,West Virginia,Raleigh,81,37.897239,-81.307617,short tons,"471,609",
-81.282778,37.608056,460,2020,4609096,Pocahontas Highwall Mine,Surface,54,West Virginia,Raleigh,81,37.608056,-81.282778,short tons,"4,951",
-81.724167,37.812778,461,2020,4609101,Toney Fork Surface Mine,Surface,54,West Virginia,Logan,45,37.812778,-81.724167,short tons,"27,701",
-80.6283329999999,38.4827780000001,462,2020,4609130,Brandy Station,Surface,54,West Virginia,Webster,101,38.482778,-80.628333,short tons,307,
-87.0599999999999,33.588333,463,2020,4609151,Shm 46 Highwall Miner,Surface,1,Alabama,Jefferson,73,33.588333,-87.06,short tons,"9,002",
-81.565396,37.812571,464,2020,4609152,Black Oak Mine,Underground,54,West Virginia,Boone,5,37.812571,-81.565396,short tons,"219,113",
-81.850833,37.8150000000001,465,2020,4609153,Samples Mine Highwall Miner,Surface,54,West Virginia,Kanawha,39,37.815,-81.850833,short tons,"19,848",
-80.6457119999999,38.036594,466,2020,4609172,Mountaineer Pocahontas No 1 Mi,Underground,54,West Virginia,Greenbrier,25,38.036594,-80.645712,short tons,"40,046",
-81.485,37.2630560000001,467,2020,4609182,Highwall Miner #1,Surface,51,Virginia,Tazewell,185,37.263056,-81.485,short tons,"28,700",
-79.958611,39.3311110000001,468,2020,4609192,Leer Mine,Underground,54,West Virginia,Taylor,91,39.331111,-79.958611,short tons,"4,185,123",
-81.6799999999999,37.323611,469,2020,4609198,Caretta #3 Mine,Underground,54,West Virginia,Mcdowell,47,37.323611,-81.68,short tons,"81,794",
-81.903333,37.841389,470,2020,4609204,Reylas Surface Mine,Surface,54,West Virginia,Logan,45,37.841389,-81.903333,short tons,"41,952",
-81.688056,37.3344440000001,471,2020,4609207,Mine No 2,Underground,54,West Virginia,Mcdowell,47,37.334444,-81.688056,short tons,"56,733",
-81.4877779999999,37.9258330000001,472,2020,4609212,Panther Eagle Mine,Underground,54,West Virginia,Raleigh,81,37.925833,-81.487778,short tons,"304,561",
-81.6603499999999,37.7924560000001,473,2020,4609217,Powellton #1 Mine,Underground,54,West Virginia,Logan,45,37.792456,-81.66035,short tons,"577,251",
-81.7483329999999,37.713333,474,2020,4609219,Highwall Miner No.1,Surface,54,West Virginia,Logan,45,37.713333,-81.748333,short tons,"207,884",
-81.3741669999999,38.275833,475,2020,4609221,Slabcamp,Underground,54,West Virginia,Kanawha,39,38.275833,-81.374167,short tons,"1,294,437",
-81.473055,37.5419440000001,476,2020,4609222,Ranger Fuel No. 1 Mine,Underground,54,West Virginia,Wyoming,109,37.541944,-81.473055,short tons,"491,421",
-81.464444,38.0583330000001,477,2020,4609230,Winchester Ug Mine,Underground,54,West Virginia,Kanawha,39,38.058333,-81.464444,short tons,"9,881",
-80.202603,39.5769990000001,478,2020,4609239,No. 2 Contour & Auger,Surface,54,West Virginia,Wyoming,109,39.576999,-80.202603,short tons,"4,778",
-80.5511109999999,38.010833,479,2020,4609246,Kuhn Ridge,Surface,54,West Virginia,Greenbrier,25,38.010833,-80.551111,short tons,"66,681",
-81.578333,38.126944,480,2020,4609258,Winchester Peerless Rachel Min,Underground,54,West Virginia,Boone,5,38.126944,-81.578333,short tons,"713,896",
-81.6254749999999,37.333494,481,2020,4609261,Mine No. 39,Underground,54,West Virginia,Mcdowell,47,37.333494,-81.625475,short tons,"358,414",
-81.687778,37.3347220000001,482,2020,4609271,Mine No 3,Underground,54,West Virginia,Mcdowell,47,37.334722,-81.687778,short tons,"48,627",
-82.309722,37.7513890000001,483,2020,4609277,Alma No 1,Underground,54,West Virginia,Logan,45,37.751389,-82.309722,short tons,"76,236",
-81.7625,38.160556,484,2020,4609286,Mine No 6,Surface,54,West Virginia,Boone,5,38.160556,-81.7625,short tons,"69,351",
-81.4597219999999,38.3527780000001,485,2020,4609297,Blue Creek No. 1 Ug Mine,Underground,54,West Virginia,Kanawha,39,38.352778,-81.459722,short tons,"946,462",
-81.2688889999999,37.388611,486,2020,4609311,Mine No. 1,Surface,54,West Virginia,Mercer,55,37.388611,-81.268889,short tons,"340,895",
-81.727222,37.7344440000001,487,2020,4609319,Lower War Eagle,Underground,54,West Virginia,Wyoming,109,37.734444,-81.727222,short tons,"503,660",
-81.475,38.2827780000001,488,2020,4609341,Witcher Creek Surface Mine,Surface,54,West Virginia,Kanawha,39,38.282778,-81.475,short tons,"276,068",
-82.1169879999999,37.6101610000001,489,2020,4609345,Remining #3,Surface,54,West Virginia,Mingo,59,37.610161,-82.116988,short tons,"140,414",
-81.895,37.8163890000001,490,2020,4609361,Cedar Grove #2 Mine,Underground,54,West Virginia,Logan,45,37.816389,-81.895,short tons,"444,778",
-82.1958329999999,37.797222,491,2020,4609362,Coalburg Mine,Underground,54,West Virginia,Mingo,59,37.797222,-82.195833,short tons,"107,617",
-82.599722,37.945278,492,2020,4609370,#57 Miner,Surface,51,Virginia,Buchanan,27,37.945278,-82.599722,short tons,"49,996",
-80.166389,39.099722,493,2020,4609374,Shm #67,Surface,54,West Virginia,Mcdowell,47,39.099722,-80.166389,short tons,"169,540",
-81.638661,37.766957,494,2020,4609377,Glancy Surface Mine,Surface,54,West Virginia,Wyoming,109,37.766957,-81.638661,short tons,"806,807",
-81.4299999999999,37.3561110000001,495,2020,4609395,Dry Branch Surface Mine,Surface,54,West Virginia,Mcdowell,47,37.356111,-81.43,short tons,"564,354",
-82.517778,36.9866670000001,496,2020,4609414,Hwm #73,Surface,51,Virginia,Wise,195,36.986667,-82.517778,short tons,"21,117",
-80.691944,38.169722,497,2020,4609415,Shm 06,Surface,1,Alabama,Walker,127,38.169722,-80.691944,short tons,"32,183",
-81.491389,37.7736110000001,498,2020,4609427,Eagle #3 Mine,Underground,54,West Virginia,Wyoming,109,37.773611,-81.491389,short tons,"292,782",
-81.4,37.3600000000001,499,2020,4609442,Apollo Surface Mine,Surface,54,West Virginia,Mcdowell,47,37.36,-81.4,short tons,"39,103",
-80.4825,38.1216670000001,500,2020,4609448,Blue Knob Surface Mine,Surface,54,West Virginia,Greenbrier,25,38.121667,-80.4825,short tons,"150,948",
-81.708854,37.3223380000001,501,2020,4609455,Sewell Mine R,Underground,54,West Virginia,Mcdowell,47,37.322338,-81.708854,short tons,"35,342",
-81.554444,37.7566660000001,502,2020,4609471,Flying Eagle,Underground,54,West Virginia,Wyoming,109,37.756666,-81.554444,short tons,"289,248",
-80.679444,38.026667,503,2020,4609473,No. 1 Surface Mine,Surface,54,West Virginia,Greenbrier,25,38.026667,-80.679444,short tons,"9,529",
-81.37713,37.8859110000001,504,2020,4609475,Workman Creek Surface,Surface,54,West Virginia,Raleigh,81,37.885911,-81.37713,short tons,"1,686,993",
-81.350556,37.386667,505,2020,4609478,Windmillgap Surface Mine,Surface,54,West Virginia,Mcdowell,47,37.386667,-81.350556,short tons,"52,152",
-81.5549999999999,37.4086110000001,506,2020,4609480,Skyway Iii Mine,Surface,54,West Virginia,Mcdowell,47,37.408611,-81.555,short tons,"12,000",
-81.6357629999999,37.2862720000001,507,2020,4609484,Newhall Surface Mine No. 2,Surface,54,West Virginia,Mcdowell,47,37.286272,-81.635763,short tons,"50,566",
-81.693889,37.7483330000001,508,2020,4609495,Eagle Seam Deep Mine,Underground,54,West Virginia,Logan,45,37.748333,-81.693889,short tons,"488,638",
-81.473889,37.3955560000001,509,2020,4609496,Mine No. 43,Underground,54,West Virginia,Mcdowell,47,37.395556,-81.473889,short tons,"330,487",
-81.581944,37.480556,510,2020,4609507,Edm No. 1 Mine,Underground,54,West Virginia,Mcdowell,47,37.480556,-81.581944,short tons,"26,881",
-81.4655559999999,37.782222,511,2020,4609513,Eagle Surface Mine,Surface,54,West Virginia,Wyoming,109,37.782222,-81.465556,short tons,"1,938",
-81.5699999999999,37.5780560000001,512,2020,4609522,Road Fork # 52 Mine,Underground,54,West Virginia,Wyoming,109,37.578056,-81.57,short tons,"366,026",
-81.2375,37.603056,513,2020,4609531,Pocahontas Hwm 52,Surface,54,West Virginia,Raleigh,81,37.603056,-81.2375,short tons,"58,050",
-81.838333,38.1522220000001,514,2020,4609532,Salem Auger #41,Surface,54,West Virginia,Webster,101,38.152222,-81.838333,short tons,307,
-81.6661109999999,37.2138890000001,515,2020,4609533,Berwind Deep Mine,Underground,54,West Virginia,Mcdowell,47,37.213889,-81.666111,short tons,"147,330",
-82.9449999999999,37.251111,516,2020,4609535,Auger A-1,Surface,21,Kentucky,Knott,119,37.251111,-82.945,short tons,"2,362",
-81.7483329999999,37.713333,517,2020,4609537,Ram Surface Mine No. 1,Surface,54,West Virginia,Logan,45,37.713333,-81.748333,short tons,"152,683",
-80.722222,38.1736110000001,518,2020,4609540,Hominy #1 Surface Mine,Surface,54,West Virginia,Nicholas,67,38.173611,-80.722222,short tons,"18,796",
-81.756389,37.7063890000001,519,2020,4609541,No. 2 Gas,Underground,54,West Virginia,Logan,45,37.706389,-81.756389,short tons,"323,904",
-86.781111,37.8486110000001,520,2020,4609544,P610,Surface,54,West Virginia,Logan,45,37.848611,-86.781111,short tons,"102,373",Refuse coal is included
-82.1027779999999,37.6027780000001,521,2020,4609545,Cam Highwall Miner,Surface,54,West Virginia,Mingo,59,37.602778,-82.102778,short tons,"118,298",
-80.1283329999999,38.6838890000001,522,2020,4609546,Beech Mountain Mine,Underground,54,West Virginia,Randolph,83,38.683889,-80.128333,short tons,"83,348",
-82.186111,36.9527780000001,523,2020,4609548,Auger No. 2,Surface,51,Virginia,Russell,167,36.952778,-82.186111,short tons,"4,703",
-81.539722,37.9569440000001,524,2020,4609550,Black Eagle,Underground,54,West Virginia,Raleigh,81,37.956944,-81.539722,short tons,"264,085",
-81.6816669999999,37.784167,525,2020,4609563,Eagle No 1 Mine,Underground,54,West Virginia,Logan,45,37.784167,-81.681667,short tons,"539,681",
-81.6874999999999,37.7755560000001,526,2020,4609564,Elklick Surface Mine,Surface,54,West Virginia,Logan,45,37.775556,-81.6875,short tons,"12,096",
-81.4244439999999,37.59,527,2020,4609569,Itmann No 5,Underground,54,West Virginia,Wyoming,109,37.59,-81.424444,short tons,"20,232",
-81.303056,37.3925,528,2020,4609572,Rane Deep Mine,Underground,54,West Virginia,Mercer,55,37.3925,-81.303056,short tons,"17,879",
-81.9466669999999,37.799722,529,2020,4609574,Davy Branch Mine,Underground,54,West Virginia,Logan,45,37.799722,-81.946667,short tons,"73,431",
-81.942778,37.781389,530,2020,4609575,Lynn Branch No. 2 Mine,Underground,54,West Virginia,Logan,45,37.781389,-81.942778,short tons,"49,417",
-79.398333,39.1702780000001,531,2020,4609577,Potomac-North,Surface,54,West Virginia,Grant,23,39.170278,-79.398333,short tons,"17,692",
-80.720278,38.1111110000001,532,2020,4609580,Hominy # 2 Surface Mine,Surface,54,West Virginia,Nicholas,67,38.111111,-80.720278,short tons,"22,378",
-81.637778,37.7694440000001,533,2020,4609588,Coal Branch No.1 Mine,Underground,54,West Virginia,Boone,5,37.769444,-81.637778,short tons,"191,704",
-81.2961109999999,37.4175000000001,534,2020,4609589,Gemini Surface Mine,Surface,54,West Virginia,Wyoming,109,37.4175,-81.296111,short tons,"52,298",
-105.631272,44.5007230000001,535,2020,4800083,Wyodak Mine,Surface,56,Wyoming,Campbell,5,44.500723,-105.631272,short tons,"3,736,695",
-110.136944,41.4800000000001,536,2020,4800086,Kemmerer Mine,Surface,56,Wyoming,Lincoln,23,41.48,-110.136944,short tons,"2,474,942",
-108.616389,41.799722,537,2020,4800677,Jim Bridger Mine,Surface,56,Wyoming,Sweetwater,37,41.799722,-108.616389,short tons,"1,454,849",
-105.383333,44.1000000000001,538,2020,4800732,Belle Ayr Mine,Surface,56,Wyoming,Campbell,5,44.1,-105.383333,short tons,"11,174,953",
-105.266667,42.693611,539,2020,4800977,Black Thunder,Surface,56,Wyoming,Campbell,5,42.693611,-105.266667,short tons,"50,188,766",
-105.183333,44.0666670000001,540,2020,4800992,Cordero Rojo Mine,Surface,56,Wyoming,Campbell,5,44.066667,-105.183333,short tons,"9,773,845",
-105.32,44.21,541,2020,4800993,Rawhide Mine,Surface,56,Wyoming,Campbell,5,44.21,-105.32,short tons,"9,494,090",
-105.33749,44.1233940000001,542,2020,4801034,Caballo Mine,Surface,56,Wyoming,Campbell,5,44.123394,-105.33749,short tons,"11,626,318",
-105.416667,44.516667,543,2020,4801078,Eagle Butte Mine,Surface,56,Wyoming,Campbell,5,44.516667,-105.416667,short tons,"12,303,698",
-108.666389,41.618889,544,2020,4801180,Black Butte And Leucite Hills,Surface,56,Wyoming,Sweetwater,37,41.618889,-108.666389,short tons,"2,216,235",
-105.528611,44.433611,545,2020,4801200,Buckskin Mine,Surface,56,Wyoming,Campbell,5,44.433611,-105.528611,short tons,"9,699,282",
-105.2825,43.9719440000001,546,2020,4801215,Coal Creek Mine,Surface,56,Wyoming,Campbell,5,43.971944,-105.2825,short tons,"2,141,507",
-105.161619,43.495642,547,2020,4801337,Antelope Coal Mine,Surface,56,Wyoming,Converse,9,43.495642,-105.161619,short tons,"19,809,826",
-105.183188,43.7149230000001,548,2020,4801353,North Antelope Rochelle Mine,Surface,56,Wyoming,Campbell,5,43.714923,-105.183188,short tons,"66,111,840",
-105.734722,44.6502780000001,549,2020,4801429,Dry Fork Mine,Surface,56,Wyoming,Campbell,5,44.650278,-105.734722,short tons,"3,924,629",
-87.2797219999999,38.1783330000001,550,2020,4801645,Addcar System 18 Hwm Serial No,Surface,18,Indiana,Warrick,173,38.178333,-87.279722,short tons,"101,713",
-108.820394,41.8182880000001,551,2020,4801646,Bridger Underground Coal Mine,Underground,56,Wyoming,Sweetwater,37,41.818288,-108.820394,short tons,"2,424,369",
-148.966111,63.8569440000001,552,2020,5000030,Usibelli,Surface,2,Alaska,Denali,68,63.856944,-148.966111,short tons,"1,020,870",
